date,open,close,high,low,volume
2023-01-03,6.41,6.54,6.57,6.37,63963.5
2023-01-04,6.54,6.57,6.6,6.49,51016.07
2023-01-05,6.57,6.6,6.61,6.5,82513.22
2023-01-06,6.59,6.61,6.67,6.56,56673.59
2023-01-09,6.62,6.64,6.68,6.58,41058.0
2023-01-10,6.61,6.72,6.73,6.58,51043.0
2023-01-11,6.7,6.61,6.76,6.58,57386.62
2023-01-12,6.6,6.67,6.7,6.58,42796.0
2023-01-13,6.65,6.66,6.68,6.58,44814.0
2023-01-16,6.66,6.74,6.76,6.63,54525.0
2023-01-17,6.76,6.73,6.83,6.69,49702.0
2023-01-18,6.72,6.76,6.79,6.7,40859.27
2023-01-19,6.77,6.86,6.87,6.7,54832.19
2023-01-20,6.86,6.87,6.9,6.79,46983.38
2023-01-30,6.94,6.97,7.03,6.91,78960.0
2023-01-31,6.97,7.09,7.13,6.9,109001.98
2023-02-01,7.08,7.19,7.19,7.04,107161.46
2023-02-02,7.19,7.36,7.45,7.11,170639.45
2023-02-03,7.34,7.52,7.59,7.28,219311.0
2023-02-06,7.49,7.28,7.49,7.24,191318.97
2023-02-07,7.29,7.39,7.41,7.28,108069.39
2023-02-08,7.36,7.28,7.44,7.24,92890.65
2023-02-09,7.22,7.48,7.5,7.21,117371.69
2023-02-10,7.51,7.45,7.59,7.39,97639.71
2023-02-13,7.44,7.48,7.5,7.39,88035.0
2023-02-14,7.48,7.46,7.54,7.37,82636.05
2023-02-15,7.45,7.71,7.74,7.44,180017.5
2023-02-16,7.68,7.41,7.71,7.31,154577.28
2023-02-17,7.43,7.23,7.49,7.22,138120.0
2023-02-20,7.19,7.31,7.32,7.16,85998.15
2023-02-21,7.32,7.32,7.41,7.25,70801.0
2023-02-22,7.32,7.36,7.4,7.25,61083.34
2023-02-23,7.37,7.33,7.4,7.28,50262.04
2023-02-24,7.3,7.34,7.4,7.24,61880.96
2023-02-27,7.29,7.15,7.32,7.15,67567.0
2023-02-28,7.17,7.23,7.31,7.12,63124.01
2023-03-01,7.25,7.43,7.44,7.13,103040.36
2023-03-02,7.4,7.36,7.51,7.34,70940.31
2023-03-03,7.39,7.33,7.45,7.25,72297.29
2023-03-06,7.33,7.37,7.41,7.29,55788.0
2023-03-07,7.36,7.14,7.38,7.13,81127.27
2023-03-08,7.13,7.3,7.3,7.09,82294.27
2023-03-09,7.32,7.35,7.44,7.25,75689.0
2023-03-10,7.3,7.32,7.41,7.27,63425.01
2023-03-13,7.32,7.25,7.33,7.13,73953.27
2023-03-14,7.15,7.22,7.24,7.1,70554.81
2023-03-15,7.2,7.29,7.37,7.2,85229.75
2023-03-16,7.27,7.13,7.3,7.12,62170.06
2023-03-17,7.2,7.36,7.37,7.15,102355.03
2023-03-20,7.36,7.42,7.43,7.3,85603.21
2023-03-21,7.43,7.57,7.59,7.36,136291.7
2023-03-22,7.59,7.59,7.64,7.47,116002.0
2023-03-23,7.59,7.76,7.76,7.52,171599.56
2023-03-24,7.74,7.8,7.86,7.65,165316.9
2023-03-27,7.81,7.83,7.89,7.7,158541.49
2023-03-28,7.86,7.64,7.86,7.62,101113.95
2023-03-29,7.66,7.68,7.77,7.6,80645.83
2023-03-30,7.81,7.69,7.88,7.66,121763.0
2023-03-31,7.66,7.7,7.72,7.58,89108.0
2023-04-03,7.68,7.75,7.78,7.62,100333.96
2023-04-04,7.74,7.93,8.09,7.7,237130.86
2023-04-06,7.95,8.38,8.46,7.94,384122.23
2023-04-07,8.35,8.22,8.38,8.1,226707.7
2023-04-10,8.2,7.99,8.27,7.95,169742.87
2023-04-11,7.98,8.06,8.21,7.89,144674.74
2023-04-12,8.08,8.13,8.19,7.99,124332.5
2023-04-13,8.12,7.91,8.12,7.84,160251.45
2023-04-14,7.91,7.93,7.99,7.79,109456.29
2023-04-17,7.93,7.77,7.95,7.7,152330.34
2023-04-18,7.8,7.59,7.81,7.55,121273.05
2023-04-19,7.58,7.6,7.73,7.51,107409.5
2023-04-20,7.55,7.48,7.62,7.37,123524.09
2023-04-21,7.5,6.96,7.53,6.93,224726.0
2023-04-24,6.87,6.8,6.94,6.77,106245.8
2023-04-25,6.83,6.52,6.83,6.42,125150.44
2023-04-26,6.46,6.66,6.71,6.46,106362.61
2023-04-27,6.6,6.58,6.65,6.53,87007.03
2023-04-28,6.58,6.79,6.85,6.58,98683.17
2023-05-04,6.81,6.81,6.85,6.75,79119.65
2023-05-05,6.78,6.75,6.81,6.69,71729.92
2023-05-08,6.74,6.74,6.82,6.71,59241.95
2023-05-09,6.75,6.66,6.9,6.66,91586.86
2023-05-10,6.62,6.74,6.76,6.6,56923.57
2023-05-11,6.74,6.78,6.82,6.68,54220.0
2023-05-12,6.76,6.71,6.81,6.68,62335.54
2023-05-15,6.7,6.79,6.79,6.67,63483.31
2023-05-16,6.82,6.83,6.91,6.73,81062.07
2023-05-17,6.79,6.85,6.87,6.77,67744.65
2023-05-18,6.83,6.93,6.97,6.83,92887.47
2023-05-19,6.91,7.08,7.1,6.91,94868.45
2023-05-22,7.05,7.06,7.13,7.03,70683.89
2023-05-23,7.07,6.9,7.08,6.89,74749.03
2023-05-24,6.86,6.98,7.07,6.84,77556.39
2023-05-25,6.98,6.99,7.08,6.9,74793.93
2023-05-26,6.96,7.1,7.13,6.96,67441.89
2023-05-29,7.13,7.04,7.16,7.0,58597.0
2023-05-30,7.03,7.11,7.11,6.98,47580.94
2023-05-31,7.09,7.19,7.21,7.07,66254.94
2023-06-01,7.15,7.2,7.28,7.14,70380.44
2023-06-02,7.32,7.24,7.45,7.22,104624.76
2023-06-05,7.24,7.28,7.31,7.2,72625.1
2023-06-06,7.24,7.04,7.28,7.0,102380.0
2023-06-07,7.0,7.08,7.18,6.93,79848.69
2023-06-08,7.08,6.85,7.08,6.83,98126.5
2023-06-09,6.84,6.78,6.88,6.72,105246.91
2023-06-12,6.81,6.9,6.93,6.77,92527.7
2023-06-13,6.88,7.07,7.16,6.82,92485.3
2023-06-14,7.11,6.97,7.12,6.92,68158.8
2023-06-15,7.02,7.05,7.13,6.92,88689.51
2023-06-16,7.05,7.11,7.13,6.95,70641.05
2023-06-19,7.1,7.11,7.17,7.06,86649.7
2023-06-20,7.11,7.04,7.13,7.01,60953.05
2023-06-21,7.1,6.89,7.1,6.87,67556.89
2023-06-26,6.9,6.65,6.9,6.61,91744.0
2023-06-27,6.62,6.84,6.85,6.62,78012.35
2023-06-28,6.84,6.72,6.84,6.58,88133.2
2023-06-29,6.7,6.92,6.96,6.67,82747.85
2023-06-30,6.92,7.04,7.06,6.86,66079.0
2023-07-03,7.03,7.0,7.13,6.97,80954.0
2023-07-04,7.02,7.13,7.14,6.95,87978.86
2023-07-05,7.11,7.11,7.19,7.06,71421.0
2023-07-06,7.07,7.13,7.23,7.05,71132.0
2023-07-07,7.09,6.99,7.17,6.98,56311.0
2023-07-10,7.03,6.94,7.07,6.91,47380.65
2023-07-11,6.94,7.06,7.09,6.94,50821.3
2023-07-12,7.12,6.97,7.13,6.94,51355.0
2023-07-13,6.97,7.06,7.07,6.94,56154.26
2023-07-14,7.06,7.14,7.21,7.02,84077.0
2023-07-17,7.1,7.13,7.16,7.04,60968.0
2023-07-18,7.13,7.15,7.2,7.1,50322.69
2023-07-19,7.16,7.17,7.21,7.09,59656.7
2023-07-20,7.14,6.99,7.17,6.95,72817.65
2023-07-21,6.95,6.89,7.03,6.87,57776.8
2023-07-24,6.9,6.87,7.0,6.84,55887.85
2023-07-25,6.91,7.13,7.14,6.88,88255.0
2023-07-26,7.1,6.99,7.1,6.95,82318.0
2023-07-27,6.95,6.89,7.04,6.87,62468.0
2023-07-28,6.91,6.93,6.95,6.77,71854.0
2023-07-31,6.93,7.06,7.1,6.91,81819.02
2023-08-01,7.06,7.15,7.2,7.0,94764.27
2023-08-02,7.17,7.16,7.2,7.11,55929.0
2023-08-03,7.13,7.1,7.15,7.04,46341.0
2023-08-04,7.11,7.31,7.41,7.09,126700.76
2023-08-07,7.26,7.14,7.28,7.09,124220.84
2023-08-08,7.1,6.94,7.1,6.91,119762.47
2023-08-09,6.91,6.85,6.92,6.82,82127.64
2023-08-10,6.88,6.91,6.93,6.8,79771.0
2023-08-11,6.9,6.74,6.9,6.74,71591.08
2023-08-14,6.69,6.77,6.78,6.65,68944.49
2023-08-15,6.76,6.68,6.79,6.64,58036.6
2023-08-16,6.66,6.54,6.68,6.53,75598.03
2023-08-17,6.51,6.65,6.65,6.46,68808.66
2023-08-18,6.65,6.49,6.68,6.46,64278.04
2023-08-21,6.44,6.37,6.55,6.37,73679.0
2023-08-22,6.37,6.46,6.47,6.31,77913.0
2023-08-23,6.46,6.35,6.46,6.34,56446.05
2023-08-24,6.36,6.3,6.41,6.27,52937.02
2023-08-25,6.29,6.17,6.3,6.11,72682.44
2023-08-28,6.47,6.31,6.67,6.26,77551.97
2023-08-29,6.55,6.77,6.81,6.39,269541.4
2023-08-30,6.77,7.14,7.2,6.73,284902.01
2023-08-31,7.13,7.14,7.19,7.07,169239.45
2023-09-01,7.13,7.24,7.31,7.13,126550.24
2023-09-04,7.23,7.14,7.29,7.04,117315.87
2023-09-05,7.16,7.35,7.42,7.14,173280.9
2023-09-06,7.31,7.33,7.36,7.24,101640.25
2023-09-07,7.3,7.19,7.34,7.18,98352.3
2023-09-08,7.21,7.23,7.28,7.17,57249.0
2023-09-11,7.24,7.31,7.36,7.2,74818.91
2023-09-12,7.36,7.33,7.4,7.26,61120.0
2023-09-13,7.3,7.21,7.36,7.12,81651.0
2023-09-14,7.22,7.14,7.27,7.09,69684.79
2023-09-15,7.17,7.14,7.21,7.07,75289.0
2023-09-18,7.15,7.18,7.28,7.1,72406.0
2023-09-19,7.16,7.08,7.18,7.05,61474.0
2023-09-20,7.07,7.01,7.13,6.99,45056.0
2023-09-21,7.02,7.04,7.1,6.94,64411.0
2023-09-22,7.02,7.2,7.22,6.99,66876.5
2023-09-25,7.2,7.1,7.22,7.06,56838.5
2023-09-26,7.09,7.05,7.13,7.0,53482.85
2023-09-27,7.05,7.04,7.13,6.98,53309.05
2023-09-28,7.12,7.46,7.52,7.06,193538.8
2023-10-09,7.66,7.74,7.9,7.62,314601.74
2023-10-10,7.74,7.62,7.8,7.57,203457.85
2023-10-11,7.73,7.74,8.09,7.6,214676.94
2023-10-12,7.75,8.06,8.33,7.75,452378.7
2023-10-13,8.0,8.6,8.84,7.91,701776.03
2023-10-16,8.48,8.0,8.48,7.83,579798.63
2023-10-17,7.95,7.78,7.95,7.72,330061.84
2023-10-18,7.74,7.61,7.74,7.59,221408.66
2023-10-19,7.52,7.59,7.81,7.5,202645.19
2023-10-20,7.54,7.56,7.77,7.46,171857.06
2023-10-23,7.37,7.45,7.6,7.36,141890.26
2023-10-24,7.47,7.53,7.58,7.26,176727.22
2023-10-25,7.53,7.71,7.75,7.47,190358.68
2023-10-26,7.64,7.99,8.03,7.57,293003.97
2023-10-27,7.88,7.87,8.07,7.81,232259.45
2023-10-30,7.92,8.06,8.13,7.9,230740.65
2023-10-31,8.11,7.91,8.11,7.86,227380.24
2023-11-01,7.91,7.85,7.99,7.81,163705.39
2023-11-02,8.04,7.87,8.24,7.84,238328.91
2023-11-03,7.79,8.0,8.04,7.72,189607.23
2023-11-06,8.0,8.2,8.26,7.97,250101.64
2023-11-07,8.22,8.29,8.36,8.19,210891.08
2023-11-08,8.27,8.17,8.33,8.11,189417.39
2023-11-09,8.19,8.08,8.27,8.03,149699.86
2023-11-10,8.04,8.23,8.3,8.0,148869.13
2023-11-13,8.3,8.17,8.31,8.12,136455.96
2023-11-14,8.14,8.17,8.26,8.1,114275.27
2023-11-15,8.24,8.31,8.39,8.18,183744.91
2023-11-16,8.25,8.13,8.27,8.11,126159.0
2023-11-17,8.08,8.21,8.25,8.08,102555.63
2023-11-20,8.21,8.15,8.27,8.13,128752.77
2023-11-21,8.17,8.02,8.18,7.96,128349.77
2023-11-22,7.99,7.84,8.04,7.83,105122.34
2023-11-23,7.84,8.11,8.11,7.82,114133.0
2023-11-24,8.06,7.84,8.09,7.82,105405.57
2023-11-27,7.86,7.95,8.03,7.86,89747.0
2023-11-28,7.95,8.13,8.25,7.92,143035.0
2023-11-29,8.12,8.07,8.2,8.04,108754.0
2023-11-30,8.04,7.88,8.05,7.81,101741.0
2023-12-01,7.89,7.94,7.96,7.83,68104.64
2023-12-04,7.95,7.85,7.97,7.81,83093.97
2023-12-05,7.83,7.61,7.91,7.6,102240.0
2023-12-06,7.59,7.56,7.68,7.55,68511.0
2023-12-07,7.56,7.62,7.7,7.55,88689.75
2023-12-08,7.6,7.57,7.78,7.56,82172.36
2023-12-11,7.55,7.66,7.68,7.42,86533.03
2023-12-12,7.66,7.66,7.7,7.61,64879.31
2023-12-13,7.64,7.64,7.74,7.6,67793.22
2023-12-14,7.67,7.66,7.77,7.63,75572.45
2023-12-15,7.66,7.59,7.72,7.58,77095.0
2023-12-18,7.59,7.38,7.59,7.36,117530.59
2023-12-19,7.43,7.5,7.56,7.4,81555.74
2023-12-20,7.5,7.46,7.66,7.44,86658.17
2023-12-21,7.43,7.55,7.57,7.32,85222.42
2023-12-22,7.58,7.39,7.6,7.35,86007.0
2023-12-25,7.4,7.5,7.72,7.29,141659.09
2023-12-26,7.55,7.29,7.56,7.24,166851.27
2023-12-27,7.28,7.49,7.55,7.27,121028.66
2023-12-28,7.45,7.56,7.62,7.36,114481.0
2023-12-29,7.59,8.06,8.15,7.51,279472.89
2024-01-02,8.1,8.08,8.26,8.03,281127.64
2024-01-03,8.0,7.91,8.1,7.81,171294.77
2024-01-04,7.9,7.79,7.9,7.74,111471.0
2024-01-05,7.79,8.25,8.33,7.72,517391.85
2024-01-08,8.6,7.86,8.78,7.85,696480.66
2024-01-09,7.78,7.7,7.99,7.52,497819.13
2024-01-10,7.76,7.5,7.97,7.49,349494.07
2024-01-11,7.5,7.73,7.83,7.49,265903.14
2024-01-12,7.61,7.49,7.74,7.47,207007.75
2024-01-15,7.45,7.59,7.69,7.36,165892.71
2024-01-16,7.56,7.57,7.64,7.44,117111.47
2024-01-17,7.54,7.34,7.56,7.34,93768.4
2024-01-18,7.33,7.33,7.35,7.05,140532.06
2024-01-19,7.33,7.21,7.35,7.18,90275.38
2024-01-22,7.21,6.68,7.24,6.64,120843.52
2024-01-23,6.68,6.67,6.72,6.48,136017.57
2024-01-24,6.67,6.7,6.78,6.45,120125.38
2024-01-25,6.72,6.97,6.99,6.6,108695.94
2024-01-26,6.97,6.86,7.03,6.84,77243.0
2024-01-29,6.91,6.63,6.95,6.59,91240.0
2024-01-30,6.56,6.3,6.61,6.3,106463.8
2024-01-31,6.42,5.96,6.42,5.92,113184.57
2024-02-01,5.93,5.86,6.0,5.71,128296.45
2024-02-02,5.86,5.47,6.01,5.18,177047.3
2024-02-05,5.41,4.88,5.48,4.69,205444.85
2024-02-06,4.74,5.01,5.18,4.5,217211.36
2024-02-07,5.02,4.88,5.21,4.76,239830.3
2024-02-08,4.98,5.57,5.59,4.91,275059.8
2024-02-19,5.67,5.8,5.9,5.62,241968.37
2024-02-20,5.77,5.8,5.82,5.63,122529.86
2024-02-21,5.76,5.88,6.05,5.71,148428.0
2024-02-22,5.86,6.04,6.06,5.82,120412.0
2024-02-23,6.07,6.32,6.38,5.99,144690.04
2024-02-26,6.35,6.32,6.49,6.23,154183.46
2024-02-27,6.32,6.54,6.54,6.21,118286.1
2024-02-28,6.54,5.99,6.65,5.95,237004.73
2024-02-29,5.94,6.29,6.29,5.91,152759.61
2024-03-01,6.28,6.45,6.49,6.24,116511.12
2024-03-04,6.53,6.44,6.57,6.32,95352.31
2024-03-05,6.44,6.33,6.45,6.32,92335.5
2024-03-06,6.32,6.41,6.46,6.24,89663.25
2024-03-07,6.46,6.33,6.51,6.28,82216.0
2024-03-08,6.32,6.41,6.42,6.26,67564.0
2024-03-11,6.42,6.51,6.53,6.39,86138.33
2024-03-12,6.56,6.61,6.62,6.47,94436.41
2024-03-13,6.6,6.62,6.69,6.52,87536.5
2024-03-14,6.63,6.5,6.63,6.39,101853.0
2024-03-15,6.45,6.59,6.59,6.42,81422.5
2024-03-18,6.64,6.75,6.75,6.61,98351.0
2024-03-19,6.74,6.9,7.01,6.73,133848.26
2024-03-20,6.87,6.89,6.91,6.79,90437.54
2024-03-21,6.9,6.91,6.96,6.77,90155.44
2024-03-22,6.89,6.8,6.93,6.72,89424.0
2024-03-25,6.75,6.58,6.81,6.54,83195.0
2024-03-26,6.53,6.52,6.63,6.41,73516.0
2024-03-27,6.48,6.21,6.53,6.18,75803.0
2024-03-28,6.22,6.38,6.48,6.22,75630.08
2024-03-29,6.41,6.56,6.56,6.34,66787.0
2024-04-01,6.57,6.84,6.87,6.55,103423.19
2024-04-02,6.85,6.71,6.87,6.66,90249.0
2024-04-03,6.7,6.54,6.71,6.44,83335.5
2024-04-08,6.58,6.34,6.58,6.32,80412.85
2024-04-09,6.4,6.46,6.5,6.28,71062.0
2024-04-10,6.41,6.25,6.46,6.19,82517.5
2024-04-11,6.24,6.22,6.34,6.18,76229.2
2024-04-12,6.24,6.18,6.32,6.15,73572.0
2024-04-15,6.2,5.89,6.31,5.75,132029.22
2024-04-16,5.79,5.42,5.85,5.38,160646.03
2024-04-17,5.52,5.88,5.89,5.51,124316.77
2024-04-18,5.9,5.94,6.05,5.82,86500.58
2024-04-19,5.98,5.83,6.02,5.77,72515.35
2024-04-22,5.79,5.78,5.87,5.62,69971.67
2024-04-23,5.8,5.86,5.94,5.72,66691.76
2024-04-24,5.83,6.04,6.05,5.82,78119.06
2024-04-25,5.8,5.73,5.82,5.64,169343.03
2024-04-26,5.68,5.88,5.97,5.67,137757.7
2024-04-29,5.89,6.04,6.05,5.89,100358.0
2024-04-30,6.03,5.95,6.07,5.9,78124.96
2024-05-06,6.02,6.0,6.11,5.99,89086.0
2024-05-07,6.0,6.04,6.05,5.96,87005.29
2024-05-08,6.02,5.88,6.03,5.86,73316.68
2024-05-09,5.93,5.95,6.01,5.87,66139.15
2024-05-10,5.92,5.79,5.95,5.77,91810.19
2024-05-13,5.75,5.58,5.75,5.5,146948.0
2024-05-14,5.6,5.68,5.73,5.57,93876.65
2024-05-15,5.68,5.59,5.73,5.59,62758.53
2024-05-16,5.62,5.65,5.7,5.62,64483.59
2024-05-17,5.67,6.09,6.13,5.59,204281.16
2024-05-20,6.53,6.27,6.7,6.17,472649.98
2024-05-21,6.19,6.83,6.9,6.19,759372.24
2024-05-22,6.64,6.74,6.8,6.52,578644.28
2024-05-23,6.6,6.38,6.7,6.31,324102.72
2024-05-24,6.3,6.21,6.51,6.19,283273.69
2024-05-27,6.19,6.15,6.27,5.92,227731.99
2024-05-28,6.13,6.14,6.22,6.0,165885.44
2024-05-29,6.15,6.08,6.22,6.01,151769.02
2024-05-30,6.03,6.0,6.06,5.93,130407.0
2024-05-31,5.99,6.13,6.19,5.99,140026.0
2024-06-03,6.09,6.04,6.17,5.98,130576.0
2024-06-04,6.07,5.87,6.07,5.79,148079.02
2024-06-05,5.83,5.74,5.9,5.73,111163.0
2024-06-06,5.77,5.5,5.9,5.45,153667.45
2024-06-07,5.54,5.6,5.67,5.49,92391.0
2024-06-11,5.55,5.7,5.71,5.39,100628.53
2024-06-12,5.7,5.72,5.77,5.69,104920.52
2024-06-13,5.74,5.74,5.81,5.67,90324.78
2024-06-14,5.72,5.75,5.76,5.66,83076.39
2024-06-17,5.73,5.77,5.84,5.7,81549.22
2024-06-18,5.77,5.98,5.98,5.74,117039.0
2024-06-19,5.99,6.02,6.07,5.93,104335.0
2024-06-20,5.96,5.76,6.03,5.74,102756.03
2024-06-21,5.71,5.71,5.76,5.52,91582.0
2024-06-24,5.66,5.39,5.68,5.34,130604.5
2024-06-25,5.39,5.23,5.44,5.18,104481.56
2024-06-26,5.23,5.48,5.49,5.14,89631.0
2024-06-27,5.45,5.36,5.54,5.32,95130.0
2024-06-28,5.32,5.45,5.59,5.3,107275.0
2024-07-01,5.46,5.4,5.49,5.27,84219.0
2024-07-02,5.41,5.39,5.45,5.36,63472.0
2024-07-03,5.38,5.34,5.4,5.3,50215.0
2024-07-04,5.34,5.17,5.37,5.15,69840.0
2024-07-05,5.17,5.19,5.23,5.07,60754.0
2024-07-08,5.18,5.0,5.18,4.98,90803.0
2024-07-09,5.02,5.19,5.21,4.93,86945.86
2024-07-10,5.18,5.15,5.34,5.09,67592.42
2024-07-11,5.27,5.45,5.46,5.25,100755.5
2024-07-12,5.43,5.34,5.43,5.31,52036.0
2024-07-15,5.35,5.2,5.35,5.18,54738.0
2024-07-16,5.21,5.27,5.29,5.17,53184.0
2024-07-17,5.23,5.1,5.26,5.1,64910.0
2024-07-18,5.07,5.0,5.07,4.9,76963.0
2024-07-19,5.0,5.06,5.1,4.95,48358.0
2024-07-22,5.03,5.09,5.11,5.0,61872.87
2024-07-23,5.09,5.02,5.23,5.02,123487.0
2024-07-24,5.02,4.96,5.07,4.92,84896.51
2024-07-25,4.96,5.0,5.02,4.85,68243.91
2024-07-26,4.99,5.08,5.1,4.98,47308.22
2024-07-29,5.1,5.17,5.21,5.05,73429.86
2024-07-30,5.15,5.16,5.21,5.09,55340.0
2024-07-31,5.17,5.31,5.31,5.14,64133.0
2024-08-01,5.32,5.36,5.42,5.28,79982.0
2024-08-02,5.32,5.24,5.39,5.22,68427.28
2024-08-05,5.25,5.04,5.27,5.04,70375.83
2024-08-06,5.1,5.1,5.16,5.04,73300.0
2024-08-07,5.1,5.12,5.18,5.07,62859.02
2024-08-08,5.14,5.13,5.17,5.03,55523.02
2024-08-09,5.16,5.17,5.21,5.09,56631.0
2024-08-12,5.16,5.05,5.17,5.03,51033.0
2024-08-13,5.05,5.15,5.15,4.97,53848.0
2024-08-14,5.16,5.24,5.31,5.12,96006.0
2024-08-15,5.19,5.48,5.64,5.17,275247.5
2024-08-16,5.56,5.6,5.85,5.56,348719.0
2024-08-19,5.54,5.37,5.6,5.34,217042.02
2024-08-20,5.34,5.4,5.5,5.28,189222.26
2024-08-21,5.37,5.54,5.7,5.32,263475.9
2024-08-22,5.5,5.26,5.54,5.24,172471.64
2024-08-23,5.24,5.48,5.49,5.13,180137.0
2024-08-26,5.41,5.6,5.68,5.3,199711.49
2024-08-27,5.5,5.32,5.54,5.28,152260.8
2024-08-28,5.27,5.29,5.35,5.2,104445.0
2024-08-29,5.26,5.45,5.47,5.24,130418.46
2024-08-30,5.51,5.83,6.0,5.51,359539.48
2024-09-02,5.75,5.74,5.82,5.64,194768.46
2024-09-03,5.73,5.77,5.8,5.65,146889.0
2024-09-04,5.7,5.62,5.71,5.53,124386.38
2024-09-05,5.6,5.66,5.68,5.56,118054.0
2024-09-06,5.61,5.47,5.69,5.46,96910.0
2024-09-09,5.46,5.48,5.58,5.42,83291.0
2024-09-10,5.48,5.79,5.87,5.35,267785.0
2024-09-11,5.74,5.58,5.76,5.53,168358.0
2024-09-12,5.6,5.54,5.63,5.49,116865.97
2024-09-13,5.51,5.41,5.57,5.39,92845.0
2024-09-18,5.39,5.29,5.42,5.2,93947.0
2024-09-19,5.32,5.47,5.6,5.31,134335.0
2024-09-20,5.48,5.5,5.58,5.44,99010.22
2024-09-23,5.46,5.56,5.63,5.43,110063.0
2024-09-24,5.54,5.72,5.73,5.45,159026.51
2024-09-25,5.81,5.81,5.91,5.76,196885.02
2024-09-26,5.78,5.91,5.92,5.76,161876.27
2024-09-27,6.08,6.16,6.31,5.96,288495.58
2024-09-30,6.46,7.23,7.26,6.27,471814.53
2024-10-08,8.66,8.32,8.66,7.57,595085.68
2024-10-09,7.91,7.19,7.93,7.04,489631.79
2024-10-10,7.19,7.07,7.44,6.83,293419.4
2024-10-11,7.07,6.68,7.07,6.56,230172.32
2024-10-14,6.71,6.95,6.98,6.51,194111.08
2024-10-15,6.87,6.8,7.1,6.77,175541.37
2024-10-16,6.67,6.74,6.83,6.62,139416.06
2024-10-17,6.79,7.32,7.33,6.79,355933.38
2024-10-18,7.45,7.34,7.63,6.99,511664.65
2024-10-21,7.23,7.41,7.56,7.23,408224.4
2024-10-22,7.41,7.51,7.71,7.34,334377.11
2024-10-23,7.46,7.33,7.55,7.31,259339.86
2024-10-24,7.25,7.26,7.34,7.2,165039.6
2024-10-25,7.32,7.46,7.58,7.3,190369.74
2024-10-28,7.46,7.52,7.54,7.39,193077.74
2024-10-29,7.45,7.22,7.51,7.2,240068.8
2024-10-30,7.17,7.32,7.42,7.13,165382.74
2024-10-31,7.28,7.43,7.49,7.23,247073.42
2024-11-01,7.37,6.89,7.39,6.86,250166.77
2024-11-04,6.83,7.02,7.05,6.83,118840.1
2024-11-05,7.0,7.27,7.31,6.95,163075.52
2024-11-06,7.29,7.25,7.38,7.17,189161.7
2024-11-07,7.21,7.44,7.44,7.14,201146.5
2024-11-08,7.51,7.52,7.74,7.47,254642.53
2024-11-11,7.6,7.83,7.84,7.52,281767.03
2024-11-12,7.83,7.61,7.84,7.49,235114.6
2024-11-13,7.55,7.64,7.65,7.37,158525.53
2024-11-14,7.6,7.37,7.67,7.32,136976.52
2024-11-15,7.33,7.34,7.75,7.32,248033.88
2024-11-18,7.33,7.03,7.55,6.97,216367.0
2024-11-19,7.0,7.26,7.27,7.0,158806.03
2024-11-20,7.23,7.41,7.43,7.18,182630.15
2024-11-21,7.41,7.49,7.51,7.33,183414.0
2024-11-22,7.43,7.3,7.83,7.28,344211.0
2024-11-25,7.36,7.58,7.64,7.11,277076.68
2024-11-26,7.56,7.52,7.69,7.42,252697.03
2024-11-27,7.46,7.58,7.58,7.14,259681.85
2024-11-28,7.58,7.76,7.85,7.49,406646.53
2024-11-29,7.69,8.04,8.2,7.6,531801.09
2024-12-02,7.9,7.96,8.08,7.86,423729.34
2024-12-03,7.93,7.85,8.01,7.69,297600.9
2024-12-04,7.77,7.69,7.9,7.65,227135.04
2024-12-05,7.67,7.76,7.86,7.63,229667.56
2024-12-06,7.77,8.0,8.14,7.61,385493.73
2024-12-09,7.94,7.81,8.01,7.72,239433.77
2024-12-10,8.04,7.9,8.13,7.86,355793.0
2024-12-11,7.85,8.11,8.13,7.8,339172.5
2024-12-12,8.11,8.25,8.25,7.98,345715.5
2024-12-13,8.12,8.22,8.53,8.12,522339.28
2024-12-16,8.28,7.97,8.32,7.9,305981.5
2024-12-17,7.92,7.53,7.97,7.49,250405.0
2024-12-18,7.62,7.56,7.72,7.35,224033.0
2024-12-19,7.42,7.8,7.84,7.41,248233.0
2024-12-20,7.76,7.94,8.02,7.68,215887.0
2024-12-23,7.94,7.55,7.99,7.51,214973.0
2024-12-24,7.6,7.7,7.72,7.48,177974.0
2024-12-25,7.63,7.5,7.75,7.35,184743.0
2024-12-26,7.46,7.62,7.7,7.4,159054.1
2024-12-27,7.62,7.81,8.08,7.56,305252.47
2024-12-30,7.74,7.71,7.9,7.53,175988.0
2024-12-31,7.72,7.3,7.84,7.26,252616.0
2025-01-02,7.29,7.06,7.49,6.95,208369.62
2025-01-03,7.12,6.72,7.31,6.58,243222.22
2025-01-06,6.72,6.69,6.79,6.46,146430.03
2025-01-07,6.7,6.86,6.87,6.63,153197.0
2025-01-08,6.75,6.77,6.84,6.49,173456.0
2025-01-09,6.69,6.75,6.86,6.65,113124.0
2025-01-10,6.77,6.39,6.8,6.38,153436.0
2025-01-13,6.35,6.49,6.5,6.2,119359.0
2025-01-14,6.53,6.83,6.85,6.49,176529.12
2025-01-15,6.83,6.86,6.93,6.74,144407.59
2025-01-16,6.89,6.82,7.01,6.77,128665.94
2025-01-17,6.79,6.76,6.84,6.72,122869.04
2025-01-20,6.83,6.88,6.93,6.73,130393.0
2025-01-21,6.82,6.8,6.94,6.68,142697.0
2025-01-22,6.74,6.76,6.89,6.67,134898.35
2025-01-23,6.85,6.71,6.95,6.69,158063.0
2025-01-24,6.68,6.79,6.82,6.66,114415.0
2025-01-27,6.84,6.57,6.87,6.56,123851.0
2025-02-05,6.69,6.76,6.83,6.67,125056.0
2025-02-06,6.76,6.98,6.98,6.7,135959.94
2025-02-07,6.99,7.06,7.18,6.94,166298.32
2025-02-10,7.05,7.2,7.2,7.03,125873.0
2025-02-11,7.18,7.22,7.27,7.11,128800.83
2025-02-12,7.21,7.25,7.31,7.15,110361.0
2025-02-13,7.26,7.11,7.27,7.08,133980.75
2025-02-14,7.13,7.07,7.14,7.03,108101.0
2025-02-17,7.06,7.15,7.2,7.06,107354.0
2025-02-18,7.13,6.89,7.18,6.85,124965.03
2025-02-19,6.87,7.02,7.02,6.87,112354.35
2025-02-20,7.02,7.17,7.19,6.99,139678.38
2025-02-21,7.15,7.2,7.22,7.05,148545.28
2025-02-24,7.19,7.21,7.24,7.09,135129.02
2025-02-25,7.15,7.31,7.44,7.07,233914.57
2025-02-26,7.35,7.35,7.4,7.27,158837.52
2025-02-27,7.33,7.23,7.35,7.09,154232.5
2025-02-28,7.19,6.88,7.19,6.87,163239.01
2025-03-03,6.91,6.9,7.06,6.85,121276.5
2025-03-04,6.87,7.06,7.07,6.77,114773.0
2025-03-05,7.04,7.0,7.07,6.9,107448.35
2025-03-06,7.02,7.14,7.19,7.01,135797.65
2025-03-07,7.14,6.99,7.14,6.95,143568.99
2025-03-10,6.99,6.92,7.04,6.87,95825.43
2025-03-11,6.85,6.96,7.0,6.8,106023.99
2025-03-12,6.97,7.08,7.18,6.95,162196.03
2025-03-13,7.06,6.94,7.1,6.84,133632.64
2025-03-14,6.94,7.1,7.11,6.86,145719.0
2025-03-17,7.1,7.2,7.22,7.06,129278.36
2025-03-18,7.2,7.24,7.28,7.16,127817.5
2025-03-19,7.21,7.24,7.31,7.16,132027.5
2025-03-20,7.23,7.26,7.32,7.18,124527.5
2025-03-21,7.21,7.04,7.26,7.0,152123.0
2025-03-24,7.04,6.79,7.09,6.61,192898.0
2025-03-25,6.79,6.73,6.83,6.67,123326.88
2025-03-26,6.75,6.85,6.92,6.72,127323.8
2025-03-27,6.82,6.91,6.93,6.68,117010.0
2025-03-28,6.9,6.71,6.96,6.7,112944.0
2025-03-31,6.65,6.61,6.67,6.5,112376.08
2025-04-01,6.61,6.69,6.79,6.61,79499.5
2025-04-02,6.74,6.72,7.05,6.7,171270.0
2025-04-03,6.66,6.67,6.75,6.57,110839.04
2025-04-07,6.23,5.36,6.3,5.34,277869.0
2025-04-08,5.5,5.52,5.76,5.36,206590.25
2025-04-09,5.44,5.67,5.73,4.99,223228.8
2025-04-10,5.76,5.79,5.95,5.73,179028.59
2025-04-11,5.71,5.81,5.88,5.69,127096.35
2025-04-14,5.89,5.9,6.04,5.86,124662.47
2025-04-15,5.88,5.91,5.93,5.82,102938.06
2025-04-16,5.87,5.85,5.92,5.71,105558.84
2025-04-17,5.83,5.92,6.0,5.78,107270.84
2025-04-18,5.89,5.95,5.98,5.83,93878.0
2025-04-21,5.93,6.01,6.02,5.88,90378.83
2025-04-22,5.99,6.05,6.07,5.97,86098.0
2025-04-23,6.08,6.11,6.14,6.06,98411.75
2025-04-24,6.07,5.97,6.08,5.89,157223.2
2025-04-25,5.96,5.93,6.0,5.92,100474.86
2025-04-28,5.9,5.91,5.95,5.81,98218.88
2025-04-29,5.91,5.92,6.01,5.86,80129.15
2025-04-30,5.89,6.03,6.07,5.89,87136.03
2025-05-06,6.06,6.2,6.2,6.05,86881.86
2025-05-07,6.27,6.2,6.32,6.12,105994.0
2025-05-08,6.17,6.3,6.32,6.17,73182.0
2025-05-09,6.32,6.18,6.32,6.16,79070.0
2025-05-12,6.25,6.28,6.29,6.2,76429.01
2025-05-13,6.36,6.2,6.36,6.18,69988.75
2025-05-14,6.21,6.19,6.23,6.11,91010.5
2025-05-15,6.18,6.1,6.18,6.08,58454.33
2025-05-16,6.12,6.13,6.19,6.08,65719.0
2025-05-19,6.13,6.2,6.21,6.06,90401.0
2025-05-20,6.18,6.25,6.26,6.14,80716.0
2025-05-21,6.22,6.16,6.25,6.14,82017.0
2025-05-22,6.16,6.05,6.25,6.04,92154.0
2025-05-23,6.08,5.99,6.16,5.98,92173.05
2025-05-26,5.98,6.08,6.09,5.96,71423.0
2025-05-27,6.07,6.02,6.07,5.96,78092.0
2025-05-28,6.03,5.96,6.09,5.94,62032.0
2025-05-29,5.98,6.14,6.15,5.96,91136.5
2025-05-30,6.13,5.98,6.13,5.97,98716.72
2025-06-03,5.97,6.07,6.1,5.93,99272.72
2025-06-04,6.08,6.13,6.15,6.06,60186.33
2025-06-05,6.13,6.2,6.21,6.07,97735.56
2025-06-06,6.2,6.2,6.22,6.16,71363.62
2025-06-09,6.21,6.24,6.26,6.18,90033.46
2025-06-10,6.26,6.14,6.27,6.07,97195.73
2025-06-11,6.14,6.19,6.25,6.12,102363.5
2025-06-12,6.15,6.16,6.23,6.12,82992.5
2025-06-13,6.12,6.03,6.15,6.01,101930.53
2025-06-16,6.02,6.13,6.16,6.01,100002.29
2025-06-17,6.13,6.19,6.22,6.12,78033.53
2025-06-18,6.15,6.22,6.24,6.12,106807.0
2025-06-19,6.21,6.15,6.25,6.12,85829.0
2025-06-20,6.15,6.12,6.26,6.11,97541.59
2025-06-23,6.07,6.29,6.32,6.05,167623.74
2025-06-24,6.33,6.38,6.43,6.31,138354.72
2025-06-25,6.38,6.44,6.52,6.31,178427.12
2025-06-26,6.45,6.41,6.49,6.38,148465.0
2025-06-27,6.43,6.41,6.47,6.38,111731.0
2025-06-30,6.44,6.56,6.67,6.43,193495.09
2025-07-01,6.56,6.8,6.85,6.5,353235.43
2025-07-02,6.73,6.58,6.74,6.53,253172.9
2025-07-03,6.58,6.59,6.64,6.53,162988.0
2025-07-04,6.57,6.49,6.58,6.48,128725.5
2025-07-07,6.46,6.47,6.52,6.42,77540.24
2025-07-08,6.47,6.56,6.58,6.44,97988.0
2025-07-09,6.54,6.48,6.58,6.48,108199.24
2025-07-10,6.5,6.5,6.55,6.45,79225.0
2025-07-11,6.5,6.53,6.56,6.42,114972.24
2025-07-14,6.52,6.55,6.56,6.48,98805.24
2025-07-15,6.55,6.49,6.59,6.43,102160.58
2025-07-16,6.49,6.5,6.53,6.47,76800.24
2025-07-17,6.49,6.56,6.58,6.45,99287.0
2025-07-18,6.56,6.62,6.62,6.5,125575.82
2025-07-21,6.62,6.63,6.65,6.59,101839.09
2025-07-22,6.63,6.61,6.77,6.58,133044.0
2025-07-23,6.63,6.55,6.65,6.54,105048.5
2025-07-24,6.55,6.62,6.63,6.55,114190.5
2025-07-25,6.61,6.67,6.69,6.58,122954.25
2025-07-28,6.67,6.76,6.78,6.65,136489.96
2025-07-29,6.74,6.74,6.78,6.66,100930.86
2025-07-30,6.73,6.66,6.75,6.6,101406.0
2025-07-31,6.67,6.6,6.77,6.59,124502.0
2025-08-01,6.61,6.65,6.69,6.58,108989.09
2025-08-04,6.6,6.69,6.7,6.57,77899.84
2025-08-05,6.71,6.79,6.85,6.69,163774.17
2025-08-06,6.77,6.81,6.83,6.76,134394.84
2025-08-07,6.81,6.81,6.85,6.76,125427.27
2025-08-08,6.79,6.8,6.81,6.74,107446.0
2025-08-11,6.81,6.91,6.95,6.79,182618.13
2025-08-12,6.91,6.85,6.95,6.81,138296.08
2025-08-13,6.89,6.84,6.89,6.8,136317.0
2025-08-14,6.84,6.69,6.86,6.65,185439.62
2025-08-15,6.68,6.81,6.82,6.67,161262.77
2025-08-18,6.85,6.91,7.0,6.85,188415.9
2025-08-19,6.9,7.06,7.06,6.85,236962.4
2025-08-20,7.0,7.1,7.12,6.94,207362.66
2025-08-21,7.09,7.07,7.24,7.01,227800.34
2025-08-22,7.05,7.08,7.1,6.97,167254.0
2025-08-25,7.09,7.05,7.13,6.99,182027.97
2025-08-26,7.01,7.13,7.19,7.0,193050.15
2025-08-27,7.07,6.89,7.11,6.87,235962.82
2025-08-28,6.89,6.96,6.99,6.7,241439.59
2025-08-29,7.0,6.87,7.02,6.83,198398.8
2025-09-01,6.77,6.84,6.92,6.77,161013.5
2025-09-02,6.82,6.6,6.82,6.55,232232.0
2025-09-03,6.61,6.46,6.65,6.44,178619.0
2025-09-04,6.44,6.4,6.59,6.29,195085.01
2025-09-05,6.43,6.51,6.53,6.38,159695.0
2025-09-08,6.51,6.56,6.57,6.46,132248.83
2025-09-09,6.53,6.41,6.56,6.36,155389.37
2025-09-10,6.41,6.45,6.51,6.4,114942.05
2025-09-11,6.46,6.54,6.55,6.34,140141.19
2025-09-12,6.56,6.55,6.61,6.51,132276.9
2025-09-15,6.56,6.55,6.6,6.46,107031.0
2025-09-16,6.54,6.67,6.67,6.51,147768.25
2025-09-17,6.69,7.43,7.97,6.69,1169915.18
2025-09-18,7.25,7.44,7.63,7.17,1035581.61
2025-09-19,7.32,7.71,7.8,7.25,929534.51
2025-09-22,7.92,7.8,8.24,7.45,959491.03
2025-09-23,7.68,8.04,8.05,7.42,792695.81
2025-09-24,8.0,7.85,8.12,7.79,694270.86
2025-09-25,7.66,7.47,7.8,7.45,588843.5
2025-09-26,7.41,7.21,7.49,7.2,389139.64
2025-09-29,7.21,7.35,7.49,7.1,338337.59
2025-09-30,7.36,7.27,7.38,7.23,259940.49
2025-10-09,7.31,7.23,7.4,7.15,292468.63
2025-10-10,7.2,7.12,7.21,7.04,230607.45
2025-10-13,6.85,7.12,7.15,6.79,233711.0
2025-10-14,7.16,6.96,7.22,6.91,214312.5
2025-10-15,6.95,7.09,7.09,6.92,158206.91
2025-10-16,7.07,6.9,7.07,6.85,171488.44
2025-10-17,6.9,6.75,6.95,6.74,158927.24
2025-10-20,6.84,6.89,6.92,6.83,124077.98
2025-10-21,6.91,7.01,7.02,6.86,133132.24
2025-10-22,6.96,7.11,7.19,6.96,208444.0
2025-10-23,7.12,7.09,7.12,6.96,141087.97
2025-10-24,7.09,7.13,7.14,7.06,135827.25
2025-10-27,7.15,7.04,7.22,7.03,206217.86
2025-10-28,7.59,7.47,7.67,7.4,704143.67
2025-10-29,7.45,7.53,7.74,7.42,495451.99
2025-10-30,7.44,7.27,7.51,7.25,298468.52
2025-10-31,7.27,7.34,7.43,7.22,220486.86
2025-11-03,7.34,7.68,7.7,7.26,393681.77
2025-11-04,7.58,7.47,7.65,7.41,234338.15
2025-11-05,7.38,7.49,7.52,7.38,149332.27
2025-11-06,7.49,7.54,7.57,7.39,169975.81
2025-11-07,7.52,7.47,7.53,7.38,149076.0
2025-11-10,7.46,7.45,7.49,7.4,153076.0
2025-11-11,7.47,7.49,7.56,7.44,143030.93
2025-11-12,7.46,7.41,7.47,7.31,130339.17
2025-11-13,7.4,7.42,7.44,7.31,159033.91
2025-11-14,7.38,7.52,7.6,7.38,233319.88
2025-11-17,7.52,7.57,7.58,7.41,224437.41
2025-11-18,7.53,7.5,7.56,7.45,178746.96
2025-11-19,7.46,7.32,7.51,7.26,153118.35
2025-11-20,7.34,7.42,7.48,7.3,153552.0
2025-11-21,7.31,7.04,7.41,7.04,191598.0
2025-11-24,7.1,7.15,7.21,6.99,143553.86
2025-11-25,7.21,7.44,7.49,7.15,214375.44
2025-11-26,7.46,7.34,7.48,7.28,156806.26
2025-11-27,7.35,7.49,7.58,7.31,209167.3
2025-11-28,7.47,7.59,7.63,7.44,210432.0
2025-12-01,7.53,7.68,7.76,7.53,247813.43
2025-12-02,7.65,7.65,7.74,7.62,214710.75
2025-12-03,7.67,7.59,7.67,7.52,189909.0
2025-12-04,7.53,7.48,7.6,7.4,129288.0
2025-12-05,7.47,7.54,7.54,7.38,146437.0
2025-12-08,7.56,7.61,7.67,7.53,173419.41
2025-12-09,7.6,7.51,7.71,7.48,179030.52
2025-12-10,7.54,7.29,7.55,7.24,212926.85
2025-12-11,7.29,7.05,7.32,7.04,210102.81
2025-12-12,7.07,6.95,7.1,6.95,202453.38
2025-12-15,6.92,6.96,7.05,6.86,167366.33
2025-12-16,6.96,6.84,6.96,6.78,157009.0
2025-12-17,6.82,6.84,6.86,6.67,170355.34
2025-12-18,6.79,6.86,6.92,6.77,104767.27
2025-12-19,6.84,6.94,6.95,6.84,135165.59
2025-12-22,6.95,7.01,7.1,6.93,141165.38
2025-12-23,7.01,7.08,7.23,6.94,205190.11
2025-12-24,7.1,7.21,7.27,7.07,203151.25
2025-12-25,7.21,7.22,7.26,7.16,145406.05
2025-12-26,7.2,7.17,7.23,7.06,156162.63
2025-12-29,7.14,7.1,7.18,7.07,120266.66
2025-12-30,7.07,7.06,7.15,7.04,102517.33
2025-12-31,7.08,7.13,7.18,6.95,114920.0
2026-01-05,7.15,7.14,7.21,7.12,146008.6
2026-01-06,7.14,7.25,7.25,7.14,177229.2
2026-01-07,7.26,7.28,7.34,7.16,173200.72
2026-01-08,7.24,7.3,7.33,7.22,170317.8
2026-01-09,7.31,7.38,7.39,7.25,193595.04
2026-01-12,7.36,7.45,7.47,7.3,309592.04
2026-01-13,7.43,7.26,7.45,7.24,246606.65
2026-01-14,7.27,7.33,7.4,7.15,256509.3
2026-01-15,7.28,7.27,7.34,7.18,150552.0
2026-01-16,7.24,7.37,7.4,7.18,237773.5
2026-01-19,7.37,7.41,7.45,7.3,207967.5
2026-01-20,7.4,7.42,7.47,7.34,193732.93
2026-01-21,7.36,7.53,7.6,7.33,284213.86
2026-01-22,7.58,7.65,7.67,7.49,223613.04
2026-01-23,7.62,7.7,7.71,7.58,275107.53
2026-01-26,7.71,7.57,7.72,7.46,247898.43
2026-01-27,7.55,7.67,7.67,7.34,261498.99
2026-01-28,7.7,7.54,7.73,7.5,244247.13
2026-01-29,7.51,7.4,7.64,7.36,212234.05
2026-01-30,7.37,7.44,7.47,7.22,225356.5
2026-02-02,7.41,7.33,7.5,7.31,214106.0
2026-02-03,7.4,7.59,7.61,7.39,252965.71
2026-02-04,7.6,7.64,7.7,7.52,281119.74
2026-02-05,7.61,7.52,7.63,7.51,179511.41
2026-02-06,7.53,7.55,7.66,7.42,209472.0
2026-02-09,7.61,7.64,7.7,7.59,207057.88
2026-02-10,7.65,7.67,7.73,7.62,183579.79
2026-02-11,7.65,7.59,7.69,7.57,164227.0
2026-02-12,7.63,7.55,7.64,7.5,144692.5
2026-02-13,7.52,7.67,7.76,7.51,259728.39
2026-02-24,7.77,7.91,7.96,7.73,411159.24
2026-02-25,7.94,7.85,7.97,7.82,283799.38
2026-02-26,7.87,8.1,8.16,7.84,456137.02
2026-02-27,7.99,7.93,8.01,7.83,342797.75
2026-03-02,7.75,7.74,7.92,7.67,292803.19
2026-03-03,7.78,7.61,7.98,7.59,369790.31
2026-03-04,7.52,7.62,7.76,7.48,254879.05
2026-03-05,7.96,8.6,8.92,7.96,1276401.27
2026-03-06,8.49,8.18,8.56,8.07,899242.0
2026-03-09,7.97,8.08,8.15,7.78,676051.81
2026-03-10,8.13,8.19,8.27,8.08,517880.63
2026-03-11,8.17,8.17,8.39,8.14,548156.65
2026-03-12,8.12,8.2,8.31,8.09,499907.7
2026-03-13,8.16,8.28,8.42,8.12,580911.99
2026-03-16,8.23,8.08,8.26,7.99,383586.95
2026-03-17,8.1,7.77,8.16,7.74,417777.72
2026-03-18,7.77,8.07,8.09,7.77,343009.76
2026-03-19,7.98,7.95,8.08,7.88,254420.82
2026-03-20,7.98,7.94,8.2,7.94,411116.86
2026-03-23,7.63,7.19,7.68,7.1,494701.87
2026-03-24,7.33,7.32,7.38,7.02,327589.25
2026-03-25,7.32,7.4,7.56,7.32,281716.21
2026-03-26,7.36,7.02,7.42,6.98,275599.68
2026-03-27,6.9,7.23,7.24,6.86,237138.02
2026-03-30,7.09,7.22,7.24,6.9,236413.55
2026-03-31,7.16,7.04,7.27,7.02,178266.81
2026-04-01,7.18,7.15,7.29,7.09,192991.87
2026-04-02,7.13,7.02,7.24,6.96,183771.21
2026-04-03,7.08,6.99,7.14,6.96,154474.0
2026-04-07,7.0,7.06,7.1,6.94,148552.83
2026-04-08,7.25,7.38,7.39,7.24,226274.81
2026-04-09,7.31,7.43,7.54,7.27,186691.0
2026-04-10,7.47,7.62,7.77,7.47,235695.36
2026-04-13,7.53,7.47,7.69,7.38,204725.25
2026-04-14,7.57,7.54,7.58,7.46,157118.11
2026-04-15,7.55,7.63,7.78,7.55,218267.98
2026-04-16,7.62,7.62,7.64,7.49,157253.1
2026-04-17,7.6,7.73,7.76,7.55,200652.69
2026-04-20,7.7,7.7,7.8,7.67,207680.75
2026-04-21,7.65,7.7,7.71,7.58,149787.0
2026-04-22,7.65,7.78,7.78,7.63,171585.03
2026-04-23,7.76,7.52,7.77,7.45,217550.0
2026-04-24,7.48,7.35,7.54,7.3,155889.94
2026-04-27,7.35,7.53,7.55,7.31,152420.02
2026-04-28,7.47,7.22,7.49,7.17,221309.0
2026-04-29,7.37,7.5,7.64,7.33,238565.01
2026-04-30,7.47,7.58,7.59,7.45,166287.3
2026-05-06,7.7,7.72,7.79,7.62,234474.19
2026-05-07,7.73,7.86,7.88,7.72,236723.03
2026-05-08,7.77,7.94,7.95,7.72,211033.92
2026-05-11,7.98,7.95,8.01,7.87,198544.97
2026-05-12,7.95,7.88,7.97,7.83,193312.97
2026-05-13,7.81,7.9,7.94,7.78,176976.81
2026-05-14,7.92,8.05,8.11,7.87,390108.02
2026-05-15,7.96,8.06,8.17,7.84,353709.85
2026-05-18,7.99,7.93,8.05,7.83,256613.54
2026-05-19,7.91,8.11,8.13,7.79,282753.7
2026-05-20,8.03,8.25,8.28,7.94,377384.01
2026-05-21,8.44,8.15,8.76,8.11,777557.17
2026-05-22,8.16,8.34,8.4,7.87,525848.27
2026-05-25,8.45,8.88,9.04,8.38,834555.66
2026-05-26,8.79,9.33,9.35,8.67,1116056.04
2026-05-27,9.64,8.71,9.64,8.63,1008237.82
2026-05-28,8.41,8.52,8.68,8.29,668926.85
2026-05-29,8.52,7.87,8.59,7.8,652560.2
2026-06-01,7.78,7.94,8.29,7.77,460228.19
2026-06-02,7.87,8.11,8.18,7.78,378174.88
2026-06-03,8.07,8.25,8.57,8.03,456356.5
2026-06-04,8.18,8.54,8.65,8.1,529840.14
2026-06-05,8.45,8.77,9.16,8.36,779182.62
2026-06-08,8.51,8.89,9.18,8.47,824901.1
2026-06-09,8.85,8.86,8.95,8.62,624161.54
2026-06-10,8.71,8.66,8.95,8.54,477840.94
2026-06-11,8.51,8.34,8.6,8.13,445754.33
2026-06-12,8.51,7.93,8.68,7.9,524391.44
2026-06-15,8.05,8.43,8.44,8.05,476995.09
2026-06-16,8.43,8.76,8.78,8.24,460680.17
2026-06-17,8.68,9.14,9.35,8.63,664656.52
2026-06-18,9.09,9.05,9.3,8.94,485374.12
2026-06-22,9.12,9.27,9.31,8.98,567258.84
2026-06-23,9.18,8.98,9.26,8.92,426682.87
2026-06-24,8.89,9.12,9.15,8.7,435640.74
2026-06-25,9.04,9.55,9.73,9.01,761790.12
2026-06-26,9.36,10.05,10.31,9.11,1002605.3
2026-06-29,10.0,9.81,10.4,9.44,869759.29
2026-06-30,9.7,10.43,10.53,9.67,916172.34
2026-07-01,10.16,9.77,10.22,9.66,885991.45
2026-07-02,9.3,9.14,9.46,8.66,664788.32
2026-07-03,8.91,8.58,9.03,8.55,521627.67
2026-07-06,8.62,8.15,8.67,8.11,436627.97
2026-07-07,8.1,8.22,8.27,8.03,311544.01
2026-07-08,8.15,7.57,8.19,7.57,384640.48
2026-07-09,7.62,7.78,7.8,7.29,357532.01
2026-07-10,7.72,7.6,8.06,7.56,358584.41
2026-07-13,7.5,7.85,7.97,7.41,421934.29
2026-07-14,7.75,7.53,7.85,7.11,320343.23
2026-07-15,7.49,7.48,7.7,7.33,219522.76
2026-07-16,7.43,7.01,7.43,6.98,245593.55
2026-07-17,6.94,6.62,6.98,6.56,238074.18
2026-07-20,6.74,6.23,6.75,6.12,238584.28
2026-07-21,6.24,6.58,6.59,5.93,270243.74
2026-07-22,6.5,6.28,6.57,6.26,186885.24
2026-07-23,6.25,6.33,6.37,6.2,138110.0
2026-07-24,6.23,6.09,6.24,6.08,128631.08
2026-07-27,6.08,6.3,6.32,6.03,144159.08
2026-07-28,6.23,6.35,6.49,6.21,200641.0
2026-07-29,6.24,6.48,6.5,6.13,206426.55
2026-07-30,6.4,6.38,6.5,6.3,164414.48
2026-07-31,6.55,6.62,6.68,6.49,223728.33
