date,open,close,high,low,volume
2023-01-03,18.18,18.85,18.98,18.13,182477.44
2023-01-04,18.75,18.46,18.85,18.42,110679.27
2023-01-05,18.52,18.84,19.0,18.45,139109.71
2023-01-06,18.73,19.3,19.47,18.72,172183.27
2023-01-09,19.42,19.77,19.94,19.38,210431.63
2023-01-10,19.66,19.38,19.76,19.2,134466.08
2023-01-11,19.39,19.39,19.65,19.35,88797.33
2023-01-12,19.52,19.41,19.69,19.31,75004.44
2023-01-13,19.51,19.36,19.6,19.23,90521.49
2023-01-16,19.33,19.43,19.58,19.3,166138.39
2023-01-17,19.43,19.44,19.57,19.34,97250.14
2023-01-18,19.48,19.7,19.78,19.48,137897.24
2023-01-19,19.59,19.72,19.74,19.51,98312.57
2023-01-20,19.66,19.95,20.18,19.63,241584.26
2023-01-30,20.28,20.18,20.63,20.09,291680.28
2023-01-31,20.04,20.59,20.68,19.99,244292.04
2023-02-01,20.64,21.83,22.57,20.59,626694.69
2023-02-02,21.76,21.79,22.24,21.66,403145.82
2023-02-03,21.77,22.81,23.18,21.24,533572.94
2023-02-06,22.42,21.57,22.61,21.34,551595.48
2023-02-07,21.7,22.16,22.34,21.32,399960.18
2023-02-08,21.96,21.71,22.28,21.68,249029.51
2023-02-09,21.95,22.14,22.37,21.95,299009.99
2023-02-10,22.03,21.72,22.11,21.51,223047.1
2023-02-13,21.76,21.86,22.18,21.48,232760.16
2023-02-14,21.87,22.11,22.41,21.71,256521.27
2023-02-15,21.62,21.53,21.97,21.4,262859.57
2023-02-16,21.53,20.7,21.58,20.44,355977.84
2023-02-17,20.81,20.96,21.33,20.79,167749.2
2023-02-20,20.96,21.17,21.24,20.71,182324.29
2023-02-21,21.27,21.94,22.41,21.09,350736.41
2023-02-22,21.87,21.85,22.15,21.71,152627.19
2023-02-23,21.86,21.86,22.11,21.7,159258.59
2023-02-24,21.85,21.43,21.86,21.17,187737.82
2023-02-27,21.18,21.29,21.51,21.06,113260.28
2023-02-28,21.3,21.25,21.43,20.92,159604.96
2023-03-01,21.2,21.19,21.41,21.09,234524.3
2023-03-02,21.01,20.75,21.01,20.31,322174.51
2023-03-03,20.66,20.55,20.69,20.38,195706.78
2023-03-06,20.57,20.01,20.59,19.56,360938.26
2023-03-07,19.91,19.7,20.03,19.67,168958.47
2023-03-08,19.55,19.57,19.69,19.43,185640.68
2023-03-09,19.7,19.15,19.76,19.15,221139.91
2023-03-10,19.05,18.97,19.27,18.95,143290.82
2023-03-13,18.97,19.08,19.12,18.69,187915.97
2023-03-14,19.06,18.91,19.35,18.78,203659.4
2023-03-15,18.97,19.06,19.2,18.94,133235.58
2023-03-16,18.88,18.48,18.93,18.41,186251.01
2023-03-17,18.59,18.54,18.78,18.5,120547.59
2023-03-20,18.59,18.67,18.77,18.41,148167.58
2023-03-21,18.71,18.9,18.9,18.59,146925.98
2023-03-22,18.91,18.95,19.1,18.81,122446.83
2023-03-23,18.9,18.98,18.99,18.74,98730.41
2023-03-24,19.06,19.29,19.34,18.94,186004.23
2023-03-27,19.29,19.21,19.37,19.04,118978.44
2023-03-28,19.17,18.78,19.18,18.78,105445.76
2023-03-29,18.79,18.77,19.0,18.66,90916.88
2023-03-30,18.78,18.93,18.97,18.44,148018.91
2023-03-31,18.92,18.95,19.14,18.85,92497.0
2023-04-03,18.87,19.25,19.34,18.75,154692.92
2023-04-04,19.18,18.56,19.25,18.52,238427.62
2023-04-06,18.57,18.62,18.71,18.43,136761.55
2023-04-07,18.59,18.72,18.82,18.52,79120.54
2023-04-10,18.67,18.72,18.85,18.55,111677.96
2023-04-11,18.72,18.99,19.02,18.58,134044.4
2023-04-12,18.92,18.99,19.18,18.8,145675.53
2023-04-13,19.03,19.21,19.7,19.03,277142.24
2023-04-14,19.22,19.43,19.52,19.06,243019.25
2023-04-17,19.45,19.61,19.67,19.25,204953.9
2023-04-18,19.61,19.55,19.85,19.42,213040.02
2023-04-19,19.56,19.24,19.76,19.23,181989.83
2023-04-20,19.15,18.91,19.22,18.82,147016.3
2023-04-21,18.91,18.46,19.09,18.45,171518.08
2023-04-24,18.59,18.28,18.73,18.21,158191.44
2023-04-25,18.32,17.77,18.43,17.57,177290.48
2023-04-26,17.71,18.01,18.2,17.66,121698.11
2023-04-27,18.03,18.03,18.12,17.81,90436.68
2023-04-28,18.05,18.17,18.23,18.01,111196.06
2023-05-04,18.22,18.16,18.38,18.08,105568.61
2023-05-05,18.15,17.87,18.23,17.66,93232.67
2023-05-08,17.87,17.9,18.11,17.86,149210.7
2023-05-09,17.93,17.97,18.46,17.72,185304.61
2023-05-10,17.83,18.07,18.23,17.82,95082.98
2023-05-11,18.07,17.98,18.16,17.94,71044.1
2023-05-12,18.0,17.8,18.06,17.71,89622.38
2023-05-15,18.04,18.65,18.67,17.97,236982.44
2023-05-16,18.75,18.5,18.75,18.42,132548.46
2023-05-17,18.52,18.4,18.63,18.3,91617.15
2023-05-18,18.4,18.25,18.47,18.13,82348.81
2023-05-19,17.93,17.41,17.93,16.74,238963.48
2023-05-22,17.57,17.8,18.02,17.48,135612.36
2023-05-23,17.93,17.69,17.94,17.67,72812.39
2023-05-24,17.66,17.64,17.85,17.52,72832.18
2023-05-25,17.64,17.5,17.68,17.31,86267.91
2023-05-26,17.43,17.52,17.53,17.27,52369.0
2023-05-29,17.57,17.12,17.63,16.91,131409.51
2023-05-30,17.13,17.07,17.19,16.83,81367.03
2023-05-31,17.0,16.79,17.1,16.78,98386.82
2023-06-01,16.79,17.1,17.26,16.78,107966.54
2023-06-02,17.21,17.61,17.64,17.21,127824.1
2023-06-05,17.66,17.55,17.67,17.45,65406.22
2023-06-06,17.53,17.39,17.57,17.3,55156.2
2023-06-07,17.26,17.25,17.48,17.22,42684.13
2023-06-08,17.21,17.29,17.42,17.11,61597.17
2023-06-09,17.35,17.34,17.41,17.21,72146.84
2023-06-12,17.3,17.56,17.65,17.16,84517.55
2023-06-13,17.5,17.58,17.66,17.45,61408.16
2023-06-14,17.66,17.77,17.82,17.58,88106.01
2023-06-15,17.77,17.99,18.0,17.64,100930.69
2023-06-16,18.0,17.98,18.02,17.89,81337.78
2023-06-19,17.93,17.66,17.94,17.62,88397.0
2023-06-20,17.66,17.74,17.83,17.59,68183.18
2023-06-21,17.72,17.5,17.88,17.5,63853.69
2023-06-26,17.52,17.51,17.79,17.44,70245.73
2023-06-27,17.57,17.75,17.79,17.46,64238.28
2023-06-28,17.75,17.66,17.76,17.32,69292.49
2023-06-29,17.65,17.83,17.99,17.63,86028.49
2023-06-30,17.9,18.02,18.08,17.81,89611.07
2023-07-03,18.04,18.01,18.23,18.0,112046.13
2023-07-04,18.24,18.03,18.46,18.0,137977.91
2023-07-05,17.99,18.84,19.08,17.84,530423.75
2023-07-06,18.72,18.33,18.72,18.23,267957.35
2023-07-07,18.18,18.21,18.35,18.07,135379.6
2023-07-10,18.27,18.11,18.44,18.05,124304.58
2023-07-11,18.15,18.16,18.2,17.91,85710.7
2023-07-12,18.16,18.14,18.28,18.05,96186.45
2023-07-13,18.19,18.36,18.39,18.0,119910.56
2023-07-14,18.36,18.13,18.36,18.1,100675.25
2023-07-17,18.0,17.65,18.03,17.56,150635.96
2023-07-18,17.67,17.6,17.71,17.43,95698.39
2023-07-19,17.6,17.52,17.65,17.38,73837.39
2023-07-20,17.52,17.51,17.67,17.44,69341.17
2023-07-21,17.5,17.48,17.65,17.4,53600.1
2023-07-24,17.47,17.4,17.5,17.34,63196.07
2023-07-25,17.49,17.69,17.7,17.49,96031.68
2023-07-26,17.7,17.63,17.75,17.52,60824.2
2023-07-27,17.64,17.55,17.76,17.52,60468.36
2023-07-28,17.47,17.73,17.78,17.38,96417.82
2023-07-31,17.78,18.05,18.27,17.73,182672.56
2023-08-01,18.05,18.09,18.19,17.95,92656.83
2023-08-02,18.0,18.06,18.18,17.99,74951.31
2023-08-03,18.0,18.14,18.18,17.99,78301.68
2023-08-04,18.21,18.07,18.31,18.06,101757.88
2023-08-07,18.06,18.17,18.31,18.01,99667.47
2023-08-08,18.09,18.26,18.36,17.95,102891.64
2023-08-09,18.17,18.08,18.21,18.05,59246.79
2023-08-10,18.02,18.04,18.16,18.01,49027.9
2023-08-11,18.03,17.73,18.09,17.73,63509.81
2023-08-14,17.62,17.38,17.62,17.22,118268.19
2023-08-15,17.29,17.18,17.45,17.11,69503.59
2023-08-16,17.11,17.03,17.26,16.98,66558.28
2023-08-17,16.97,17.12,17.14,16.8,63647.06
2023-08-18,17.13,16.86,17.15,16.83,61159.24
2023-08-21,16.77,16.71,16.91,16.66,67623.26
2023-08-22,16.69,16.71,16.84,16.46,65142.01
2023-08-23,16.63,16.38,16.67,16.34,52882.42
2023-08-24,16.44,16.29,16.51,16.15,59408.3
2023-08-25,16.27,16.16,16.41,16.11,55517.12
2023-08-28,16.97,16.3,16.97,16.28,107087.44
2023-08-29,16.37,16.72,16.82,16.27,90507.72
2023-08-30,16.81,16.61,16.85,16.53,85849.89
2023-08-31,16.63,16.43,16.73,16.39,48030.4
2023-09-01,16.5,16.62,16.72,16.49,57119.38
2023-09-04,16.79,17.14,17.24,16.75,158986.98
2023-09-05,17.05,16.95,17.05,16.8,83021.78
2023-09-06,16.91,16.93,17.0,16.73,55332.6
2023-09-07,16.84,16.69,16.88,16.68,56277.42
2023-09-08,16.65,16.71,16.86,16.62,41231.68
2023-09-11,16.71,16.88,16.99,16.67,49300.5
2023-09-12,16.85,16.87,17.05,16.82,55797.1
2023-09-13,17.0,16.72,17.02,16.57,69941.77
2023-09-14,16.65,16.59,16.71,16.51,63031.77
2023-09-15,16.66,16.67,16.75,16.54,56775.96
2023-09-18,16.62,16.75,16.83,16.47,69642.65
2023-09-19,16.73,16.37,16.73,16.3,95658.86
2023-09-20,16.34,16.29,16.4,16.29,30349.0
2023-09-21,16.24,16.27,16.41,16.2,44633.0
2023-09-22,16.2,16.49,16.5,16.2,52850.9
2023-09-25,16.53,16.35,16.57,16.33,62045.7
2023-09-26,16.32,16.22,16.39,16.21,38385.74
2023-09-27,16.23,16.23,16.39,16.17,65942.0
2023-09-28,16.25,16.24,16.36,16.22,51834.45
2023-10-09,16.26,16.15,16.27,16.11,56977.46
2023-10-10,16.15,16.12,16.34,16.11,51245.04
2023-10-11,16.19,16.03,16.22,15.87,72183.08
2023-10-12,16.15,16.37,16.48,16.07,112474.24
2023-10-13,16.29,16.23,16.32,16.14,50912.97
2023-10-16,16.28,16.03,16.34,15.94,58964.91
2023-10-17,16.08,15.98,16.1,15.97,52034.02
2023-10-18,15.99,16.01,16.01,15.63,75988.83
2023-10-19,15.8,15.72,15.92,15.63,52205.89
2023-10-20,15.63,15.74,15.94,15.6,52590.71
2023-10-23,15.59,15.14,15.63,15.13,71168.49
2023-10-24,15.16,15.51,15.82,15.13,90067.52
2023-10-25,15.5,15.51,15.62,15.48,61267.97
2023-10-26,15.41,15.54,15.58,15.31,54335.69
2023-10-27,15.46,15.85,15.95,15.41,101783.69
2023-10-30,15.79,16.02,16.06,15.74,74810.03
2023-10-31,16.0,16.05,16.19,15.92,59050.01
2023-11-01,16.08,16.21,16.24,16.02,85465.22
2023-11-02,16.23,16.07,16.42,16.03,75037.47
2023-11-03,16.03,16.16,16.36,16.03,70433.87
2023-11-06,16.37,16.36,16.5,16.24,119722.39
2023-11-07,16.37,16.53,16.6,16.21,125467.6
2023-11-08,16.4,16.49,16.66,16.38,103028.99
2023-11-09,16.44,16.6,16.75,16.39,84750.4
2023-11-10,16.56,16.41,16.56,16.39,51892.0
2023-11-13,16.41,16.45,16.51,16.29,43476.15
2023-11-14,16.43,16.4,16.52,16.35,46992.37
2023-11-15,16.55,16.76,16.89,16.5,126548.79
2023-11-16,16.81,16.53,16.85,16.53,60213.39
2023-11-17,16.48,16.64,16.67,16.44,47755.96
2023-11-20,16.65,16.67,16.76,16.48,59292.59
2023-11-21,16.67,16.59,16.76,16.59,53536.0
2023-11-22,16.54,16.43,16.67,16.43,50172.5
2023-11-23,16.42,16.58,16.6,16.35,50083.83
2023-11-24,16.62,16.33,16.62,16.28,47064.3
2023-11-27,16.29,16.3,16.39,16.09,55839.71
2023-11-28,16.26,16.35,16.38,16.12,40583.12
2023-11-29,16.36,16.36,16.5,16.32,37445.35
2023-11-30,16.32,16.28,16.39,16.14,38365.37
2023-12-01,16.24,16.21,16.29,16.05,39553.75
2023-12-04,16.2,16.21,16.4,16.2,52636.71
2023-12-05,16.18,15.95,16.25,15.94,55415.83
2023-12-06,15.86,16.2,16.39,15.86,69638.43
2023-12-07,16.2,16.19,16.24,15.99,53170.41
2023-12-08,16.2,16.1,16.26,16.08,62930.77
2023-12-11,16.01,16.21,16.28,15.84,74759.68
2023-12-12,16.17,16.12,16.21,16.05,43405.19
2023-12-13,16.2,15.96,16.2,15.95,37499.59
2023-12-14,16.04,15.84,16.12,15.84,40249.42
2023-12-15,15.91,15.89,16.04,15.81,77510.79
2023-12-18,15.82,15.55,15.85,15.52,46108.19
2023-12-19,15.55,15.46,15.65,15.34,39513.49
2023-12-20,15.48,15.4,15.53,15.38,35539.5
2023-12-21,15.44,15.54,15.59,15.28,46336.66
2023-12-22,15.55,15.72,15.82,15.36,57292.45
2023-12-25,15.68,15.85,15.91,15.64,41188.62
2023-12-26,15.85,15.83,15.91,15.78,32740.11
2023-12-27,15.82,15.87,15.95,15.64,41413.78
2023-12-28,15.9,16.22,16.3,15.85,85824.8
2023-12-29,16.21,16.27,16.37,16.16,64191.86
2024-01-02,16.34,16.33,16.42,16.24,54864.07
2024-01-03,16.3,16.38,16.41,16.25,45663.31
2024-01-04,16.33,16.24,16.37,16.1,43528.35
2024-01-05,16.14,16.05,16.35,15.98,47985.11
2024-01-08,16.03,15.76,16.15,15.73,58869.21
2024-01-09,15.75,15.78,15.85,15.62,47084.07
2024-01-10,15.76,15.93,16.1,15.66,64625.84
2024-01-11,15.94,16.14,16.24,15.8,64478.69
2024-01-12,16.11,16.09,16.26,16.07,41271.0
2024-01-15,16.09,16.01,16.17,15.92,41042.46
2024-01-16,15.95,15.91,16.09,15.72,55105.28
2024-01-17,16.09,15.85,16.22,15.83,99288.03
2024-01-18,15.68,15.65,15.8,15.31,91895.84
2024-01-19,15.63,15.71,15.91,15.54,70214.85
2024-01-22,15.65,15.07,15.8,14.93,82522.8
2024-01-23,15.06,15.2,15.26,14.69,72038.85
2024-01-24,15.27,15.35,15.38,14.83,61698.55
2024-01-25,15.34,15.68,15.77,15.26,67029.75
2024-01-26,15.63,15.65,15.93,15.58,76152.49
2024-01-29,15.65,15.49,15.83,15.44,60752.2
2024-01-30,15.38,15.06,15.54,15.04,52187.14
2024-01-31,15.02,14.44,15.13,14.42,101139.53
2024-02-01,14.4,14.38,14.67,14.18,88793.49
2024-02-02,14.34,13.88,14.53,13.12,208740.77
2024-02-05,13.48,13.32,13.78,12.79,190097.1
2024-02-06,13.3,14.56,14.63,13.08,195298.06
2024-02-07,14.6,15.76,15.78,14.59,260816.43
2024-02-08,15.85,15.6,16.21,15.58,238760.31
2024-02-19,15.79,15.32,15.83,15.11,200345.5
2024-02-20,15.35,15.17,15.38,15.01,119063.32
2024-02-21,15.11,15.29,15.65,15.07,145980.59
2024-02-22,15.2,15.36,15.38,15.15,100826.11
2024-02-23,15.35,15.39,15.41,15.21,99626.9
2024-02-26,15.4,15.3,15.55,15.26,99527.77
2024-02-27,15.26,15.54,15.54,15.21,99297.46
2024-02-28,15.6,15.42,16.13,15.4,166141.32
2024-02-29,15.35,15.89,15.91,15.31,129510.68
2024-03-01,15.92,16.01,16.04,15.82,108549.01
2024-03-04,16.03,15.89,16.18,15.79,96466.68
2024-03-05,15.85,15.79,16.21,15.73,141980.87
2024-03-06,15.72,15.83,16.03,15.53,99758.42
2024-03-07,15.91,16.22,16.76,15.82,298186.19
2024-03-08,16.37,16.47,16.55,16.22,179247.62
2024-03-11,16.58,16.67,16.93,16.45,164258.47
2024-03-12,16.67,16.42,16.72,16.34,135142.59
2024-03-13,16.4,16.7,16.97,16.33,195716.15
2024-03-14,16.87,16.82,17.0,16.66,168558.74
2024-03-15,16.69,18.0,18.04,16.68,509466.38
2024-03-18,18.03,18.26,18.36,17.83,371078.8
2024-03-19,18.21,18.8,19.11,18.14,390234.62
2024-03-20,18.67,18.51,18.78,18.44,214465.29
2024-03-21,18.73,18.76,18.83,18.47,190150.55
2024-03-22,18.72,18.08,18.77,18.04,201797.83
2024-03-25,18.04,18.58,18.92,18.04,283633.76
2024-03-26,18.57,18.54,18.64,18.28,133701.06
2024-03-27,18.63,18.16,18.75,18.15,137621.38
2024-03-28,18.04,18.41,18.61,18.04,153045.92
2024-03-29,18.56,18.48,18.71,18.32,127392.45
2024-04-01,18.66,18.64,19.08,18.46,258834.9
2024-04-02,18.6,19.42,19.53,18.53,418338.16
2024-04-03,19.43,20.41,20.98,19.3,601985.55
2024-04-08,20.64,19.78,20.91,19.59,507167.13
2024-04-09,19.51,20.03,20.42,19.37,299691.05
2024-04-10,19.91,19.82,20.32,19.59,241821.32
2024-04-11,19.45,20.32,20.93,19.26,444289.67
2024-04-12,20.21,20.17,20.67,19.81,250163.74
2024-04-15,19.84,19.89,20.21,19.37,312299.75
2024-04-16,19.88,19.15,20.07,19.04,269634.72
2024-04-17,19.27,19.75,19.79,19.14,212645.54
2024-04-18,19.51,19.97,20.13,19.38,215587.14
2024-04-19,19.61,18.86,19.89,18.56,496634.2
2024-04-22,18.76,18.25,19.25,18.23,316463.81
2024-04-23,17.94,17.5,18.25,17.32,308162.52
2024-04-24,17.47,17.97,18.01,17.36,206492.6
2024-04-25,17.9,18.01,18.28,17.69,168503.82
2024-04-26,17.97,18.53,18.58,17.82,218775.66
2024-04-29,18.62,18.36,18.62,18.19,267450.84
2024-04-30,18.47,18.16,18.6,18.16,188119.86
2024-05-06,18.33,18.85,19.1,18.0,353043.06
2024-05-07,19.11,18.8,19.18,18.67,273965.81
2024-05-08,18.66,18.31,18.71,18.15,244581.9
2024-05-09,18.3,19.05,19.4,18.3,364932.08
2024-05-10,19.17,19.13,19.31,18.62,262019.5
2024-05-13,19.13,19.09,19.3,18.7,267188.05
2024-05-14,19.24,18.72,19.42,18.67,307310.5
2024-05-15,18.73,18.69,19.03,18.59,241993.07
2024-05-16,18.8,18.28,18.93,18.18,239037.82
2024-05-17,18.25,18.53,18.55,18.07,159419.37
2024-05-20,18.85,19.43,19.66,18.75,432747.35
2024-05-21,19.37,18.61,19.43,18.53,327486.72
2024-05-22,18.59,18.64,18.97,18.55,200599.01
2024-05-23,18.37,18.08,18.37,18.01,220882.9
2024-05-24,18.05,17.88,18.18,17.88,134174.8
2024-05-27,17.95,18.22,18.23,17.94,117667.69
2024-05-28,18.22,18.35,18.9,18.15,227092.9
2024-05-29,18.29,18.93,19.23,18.19,402779.51
2024-05-30,18.86,18.26,18.92,18.19,280828.61
2024-05-31,18.27,18.02,18.36,17.98,189300.31
2024-06-03,17.96,17.73,18.0,17.62,154525.62
2024-06-04,17.72,18.0,18.05,17.61,148909.44
2024-06-05,17.85,17.79,17.97,17.65,103067.37
2024-06-06,17.89,17.63,18.07,17.55,151636.69
2024-06-07,17.87,17.68,17.87,17.44,135019.33
2024-06-11,17.43,17.28,17.44,17.11,154305.2
2024-06-12,17.26,17.65,17.7,17.24,103441.83
2024-06-13,17.6,17.3,17.6,17.14,115359.78
2024-06-14,17.23,17.56,17.61,17.1,124798.33
2024-06-17,17.44,17.34,17.7,17.33,95835.83
2024-06-18,17.41,17.4,17.64,17.33,94730.43
2024-06-19,17.39,17.55,17.72,17.38,106668.73
2024-06-20,17.53,17.44,17.66,17.41,99921.95
2024-06-21,17.36,17.28,17.58,17.27,84558.16
2024-06-24,17.04,16.83,17.06,16.7,120201.47
2024-06-25,16.79,16.9,17.07,16.76,69697.43
2024-06-26,16.83,16.98,17.06,16.51,106865.58
2024-06-27,16.84,16.53,16.94,16.51,81650.3
2024-06-28,16.51,16.7,16.93,16.51,88584.7
2024-07-01,17.18,16.98,17.28,16.74,139316.95
2024-07-02,16.89,16.48,16.89,16.43,164035.62
2024-07-03,16.44,16.41,16.51,16.3,92291.98
2024-07-04,16.47,16.18,16.6,16.15,79754.9
2024-07-05,16.19,16.43,16.49,16.06,104451.08
2024-07-08,16.42,16.08,16.5,16.04,106746.9
2024-07-09,16.11,16.34,16.47,15.82,137746.44
2024-07-10,16.26,16.15,16.53,16.11,98213.3
2024-07-11,16.45,16.77,16.83,16.38,141078.21
2024-07-12,16.87,16.42,16.88,16.32,137455.0
2024-07-15,16.27,16.37,16.51,16.18,72009.81
2024-07-16,16.92,16.96,16.99,16.75,243740.22
2024-07-17,16.94,16.6,17.13,16.6,158760.11
2024-07-18,16.56,16.6,16.65,16.25,125349.36
2024-07-19,16.48,16.44,16.6,16.17,115427.41
2024-07-22,16.4,16.36,16.48,16.23,134185.07
2024-07-23,16.36,15.62,16.36,15.61,176928.47
2024-07-24,15.57,15.53,15.72,15.46,105135.2
2024-07-25,15.44,15.42,15.65,15.37,79591.48
2024-07-26,15.46,15.91,16.02,15.43,130171.83
2024-07-29,15.79,15.8,15.94,15.73,67925.63
2024-07-30,15.78,15.68,15.82,15.47,79644.36
2024-07-31,15.73,16.46,16.48,15.69,158133.63
2024-08-01,16.65,16.42,16.71,16.28,102847.78
2024-08-02,16.28,16.18,16.46,16.14,73813.04
2024-08-05,16.08,15.87,16.4,15.84,117692.87
2024-08-06,15.97,15.95,16.08,15.72,102514.86
2024-08-07,15.98,16.06,16.22,15.82,94674.39
2024-08-08,15.96,15.93,16.04,15.74,66645.99
2024-08-09,16.06,15.94,16.23,15.92,90073.85
2024-08-12,15.88,15.86,15.99,15.77,60873.88
2024-08-13,15.96,15.9,16.0,15.69,67222.79
2024-08-14,15.84,15.6,15.87,15.58,75974.34
2024-08-15,15.53,15.73,15.93,15.51,79760.99
2024-08-16,15.86,15.73,15.92,15.67,85475.0
2024-08-19,15.75,15.97,16.17,15.71,124073.23
2024-08-20,15.92,15.62,16.04,15.54,105759.1
2024-08-21,15.63,15.73,15.78,15.47,84711.47
2024-08-22,15.74,15.45,15.78,15.39,95871.16
2024-08-23,15.77,15.79,15.94,15.44,161502.63
2024-08-26,15.92,16.12,16.25,15.87,181429.63
2024-08-27,15.94,16.01,16.08,15.79,105048.44
2024-08-28,16.01,15.99,16.26,15.94,108616.47
2024-08-29,15.9,16.25,16.33,15.78,138061.93
2024-08-30,16.2,16.46,16.68,16.13,197873.51
2024-09-02,16.44,16.31,16.48,16.29,112036.5
2024-09-03,16.23,16.48,16.64,16.22,115980.02
2024-09-04,16.34,16.35,16.56,16.18,85268.81
2024-09-05,16.42,16.34,16.61,16.21,83113.4
2024-09-06,16.31,16.08,16.39,16.04,71872.49
2024-09-09,15.98,15.97,16.09,15.87,77514.63
2024-09-10,16.02,16.04,16.11,15.73,87273.22
2024-09-11,15.94,16.24,16.32,15.89,94864.36
2024-09-12,16.25,16.19,16.46,16.17,70356.89
2024-09-13,16.24,16.04,16.31,16.03,70455.39
2024-09-18,16.04,16.37,16.44,16.02,110508.68
2024-09-19,16.43,16.9,16.91,16.23,189619.1
2024-09-20,16.89,17.03,17.21,16.78,156177.36
2024-09-23,16.98,16.99,17.17,16.92,93562.45
2024-09-24,17.09,17.33,17.39,16.96,182982.46
2024-09-25,17.61,17.17,17.69,17.15,230903.51
2024-09-26,17.13,17.8,17.8,17.11,187748.97
2024-09-27,18.1,18.52,18.65,18.08,203109.47
2024-09-30,19.26,20.25,20.37,19.14,486999.78
2024-10-08,22.26,20.82,22.27,19.85,679746.36
2024-10-09,20.42,19.09,20.43,19.04,428730.96
2024-10-10,19.24,19.46,19.99,18.98,292584.65
2024-10-11,19.46,18.89,19.54,18.66,201894.37
2024-10-14,18.91,19.17,19.3,18.79,168599.19
2024-10-15,19.07,18.59,19.19,18.58,168536.58
2024-10-16,18.57,18.59,18.79,18.37,157123.92
2024-10-17,18.63,18.19,18.76,18.18,144732.0
2024-10-18,18.13,18.55,18.93,18.12,225502.96
2024-10-21,18.69,18.79,19.08,18.52,244006.8
2024-10-22,18.88,19.05,19.2,18.68,203035.62
2024-10-23,19.07,19.21,19.34,18.88,213808.12
2024-10-24,19.15,18.98,19.17,18.8,142628.77
2024-10-25,18.94,19.46,19.84,18.9,311125.47
2024-10-28,19.31,19.36,19.56,19.2,328194.25
2024-10-29,19.41,18.93,19.44,18.88,264353.79
2024-10-30,18.88,18.77,19.05,18.6,180324.63
2024-10-31,18.81,18.82,19.22,18.62,236840.42
2024-11-01,18.88,20.51,20.7,18.83,1270163.16
2024-11-04,20.71,19.77,20.72,19.52,946014.47
2024-11-05,19.53,20.41,20.69,19.49,775325.06
2024-11-06,20.48,20.83,21.23,20.29,867875.6
2024-11-07,20.72,21.08,21.49,20.52,663303.18
2024-11-08,21.16,21.01,21.78,20.96,723079.02
2024-11-11,20.96,22.17,22.23,20.87,691796.69
2024-11-12,22.07,21.54,22.73,21.27,648321.63
2024-11-13,21.37,21.42,21.94,21.15,397944.9
2024-11-14,21.34,20.68,21.34,20.62,339750.57
2024-11-15,20.51,20.16,20.72,20.11,228472.89
2024-11-18,20.24,19.93,20.4,19.78,223077.61
2024-11-19,20.0,20.45,20.55,19.91,207861.78
2024-11-20,20.31,20.58,20.65,20.3,194436.32
2024-11-21,20.76,20.89,21.35,20.64,319945.08
2024-11-22,20.81,20.38,21.0,20.36,303169.56
2024-11-25,20.41,20.1,20.81,19.76,260949.83
2024-11-26,20.0,19.72,20.12,19.7,145081.1
2024-11-27,19.65,19.83,19.83,19.2,185957.23
2024-11-28,19.8,19.46,19.8,19.44,148094.0
2024-11-29,19.46,20.09,20.45,19.37,355469.07
2024-12-02,19.75,20.14,20.18,19.6,222245.5
2024-12-03,20.18,20.01,20.25,19.85,158873.35
2024-12-04,20.26,19.97,20.42,19.89,208007.4
2024-12-05,19.92,19.78,19.92,19.58,136140.07
2024-12-06,19.73,19.88,20.0,19.56,149566.72
2024-12-09,20.33,20.18,20.79,20.09,296527.68
2024-12-10,20.86,20.11,20.86,20.08,243826.79
2024-12-11,20.03,20.42,20.52,20.01,174622.6
2024-12-12,20.45,20.5,20.57,20.31,150991.21
2024-12-13,20.28,19.88,20.32,19.85,210185.28
2024-12-16,19.9,19.63,19.95,19.51,127703.07
2024-12-17,19.55,19.56,19.77,19.51,103221.17
2024-12-18,19.72,19.2,19.73,19.13,189757.75
2024-12-19,18.86,19.2,19.32,18.81,141007.87
2024-12-20,19.2,19.38,19.75,19.2,152048.63
2024-12-23,19.44,19.22,19.62,19.2,95136.22
2024-12-24,19.21,19.44,19.48,19.21,88268.17
2024-12-25,19.46,19.17,19.46,19.08,80649.67
2024-12-26,19.17,19.17,19.3,19.15,65596.4
2024-12-27,19.16,19.14,19.36,19.07,87228.53
2024-12-30,19.12,19.09,19.2,18.97,103729.78
2024-12-31,19.08,18.65,19.16,18.59,130655.54
2025-01-02,18.59,18.28,18.8,18.11,117015.16
2025-01-03,18.29,18.3,18.85,18.25,134379.49
2025-01-06,18.3,18.45,18.75,18.18,115974.24
2025-01-07,18.45,18.64,18.85,18.21,125720.69
2025-01-08,18.65,18.29,18.65,17.84,184814.27
2025-01-09,18.36,18.61,18.78,18.17,135934.18
2025-01-10,18.71,18.36,18.8,18.33,90639.67
2025-01-13,18.21,18.59,18.7,18.18,111577.57
2025-01-14,18.57,19.17,19.24,18.44,190053.43
2025-01-15,19.17,19.1,19.3,18.95,93150.23
2025-01-16,19.16,19.2,19.41,19.01,116010.89
2025-01-17,19.17,19.19,19.33,19.12,96655.34
2025-01-20,19.36,19.07,19.36,19.06,109920.79
2025-01-21,19.19,19.09,19.2,18.83,68247.56
2025-01-22,18.96,18.87,19.08,18.76,85380.56
2025-01-23,19.06,18.69,19.2,18.69,137322.27
2025-01-24,18.67,18.83,18.88,18.63,94601.66
2025-01-27,18.83,18.82,18.96,18.7,90357.82
2025-02-05,19.31,18.98,19.33,18.88,184289.69
2025-02-06,19.03,19.6,19.62,19.0,244002.75
2025-02-07,19.5,19.54,19.69,19.37,222606.94
2025-02-10,19.54,19.45,19.59,19.38,153701.27
2025-02-11,19.42,19.28,19.52,19.21,162673.48
2025-02-12,19.2,19.28,19.3,19.05,126712.1
2025-02-13,19.26,19.03,19.4,19.03,123532.18
2025-02-14,19.02,19.21,19.3,19.0,112042.76
2025-02-17,19.14,18.85,19.14,18.77,186486.9
2025-02-18,18.89,18.6,18.9,18.56,122946.1
2025-02-19,18.63,19.0,19.03,18.59,157632.3
2025-02-20,19.06,19.09,19.39,19.01,188156.66
2025-02-21,19.13,19.22,19.27,19.04,152684.78
2025-02-24,19.26,19.09,19.44,19.05,152542.52
2025-02-25,18.99,18.89,19.13,18.87,119507.81
2025-02-26,18.9,19.12,19.16,18.89,139059.6
2025-02-27,19.17,18.93,19.25,18.74,156491.67
2025-02-28,18.94,18.59,18.95,18.55,153310.68
2025-03-03,18.7,19.11,19.36,18.7,336764.49
2025-03-04,19.07,19.05,19.17,18.89,147041.31
2025-03-05,19.06,18.83,19.1,18.59,186318.18
2025-03-06,18.84,19.13,19.21,18.84,200999.89
2025-03-07,19.13,19.53,19.83,19.08,449577.21
2025-03-10,19.97,19.83,20.03,19.57,359710.95
2025-03-11,19.6,20.33,20.38,19.55,396190.63
2025-03-12,20.38,20.05,20.41,19.92,264032.06
2025-03-13,20.15,19.94,20.24,19.77,220203.75
2025-03-14,20.31,20.17,20.51,19.96,373980.4
2025-03-17,20.16,19.81,20.23,19.79,237250.26
2025-03-18,19.88,19.87,20.11,19.82,202903.08
2025-03-19,19.84,19.7,19.84,19.51,173871.75
2025-03-20,19.74,19.54,19.8,19.5,155880.48
2025-03-21,19.5,19.28,19.58,19.18,191313.0
2025-03-24,19.3,19.5,19.63,19.16,186483.68
2025-03-25,19.5,19.48,19.72,19.3,161809.13
2025-03-26,19.52,19.48,19.82,19.41,269093.21
2025-03-27,19.34,19.16,19.34,19.07,194191.49
2025-03-28,19.18,18.97,19.2,18.84,178856.69
2025-03-31,18.95,18.7,19.02,18.61,149086.35
2025-04-01,18.74,19.0,19.03,18.73,142981.84
2025-04-02,18.99,18.92,19.07,18.89,86090.5
2025-04-03,19.15,18.89,19.15,18.71,159560.51
2025-04-07,18.36,17.25,19.03,17.0,419133.53
2025-04-08,17.26,17.74,17.88,17.05,319266.95
2025-04-09,17.5,17.94,18.12,16.97,322200.78
2025-04-10,18.09,17.95,18.36,17.92,280221.45
2025-04-11,17.95,17.87,18.1,17.74,188539.4
2025-04-14,17.97,18.05,18.24,17.97,185769.43
2025-04-15,18.1,17.93,18.1,17.86,94163.65
2025-04-16,17.91,17.75,17.91,17.6,123650.78
2025-04-17,17.7,17.82,18.02,17.65,97512.22
2025-04-18,17.79,17.8,17.84,17.65,63903.13
2025-04-21,17.73,18.0,18.03,17.69,105851.08
2025-04-22,17.95,18.04,18.12,17.88,109113.26
2025-04-23,18.14,18.38,18.46,18.1,188292.61
2025-04-24,18.39,18.29,18.57,18.27,140052.68
2025-04-25,18.29,18.31,18.48,18.22,108432.64
2025-04-28,18.22,17.9,18.23,17.85,135162.73
2025-04-29,17.9,17.83,17.99,17.8,74263.39
2025-04-30,17.94,17.73,17.95,17.72,102791.5
2025-05-06,17.93,18.46,18.49,17.93,261480.03
2025-05-07,18.58,18.39,18.62,18.29,154660.76
2025-05-08,18.39,18.37,18.44,18.28,118210.19
2025-05-09,18.39,18.77,19.15,18.31,376233.89
2025-05-12,18.8,19.17,19.41,18.49,358392.66
2025-05-13,19.36,18.99,19.41,18.92,219796.03
2025-05-14,18.95,19.3,19.52,18.92,302081.89
2025-05-15,19.27,19.37,19.56,19.19,308503.43
2025-05-16,19.24,19.9,20.31,19.19,669463.71
2025-05-19,19.93,19.44,19.93,19.32,345231.1
2025-05-20,19.44,19.27,19.55,19.22,247109.6
2025-05-21,19.27,19.18,19.3,19.05,212772.75
2025-05-22,19.13,18.82,19.13,18.81,180240.69
2025-05-23,18.82,18.91,19.2,18.82,167407.92
2025-05-26,18.93,19.0,19.1,18.86,126274.38
2025-05-27,18.98,18.68,18.98,18.58,148918.28
2025-05-28,18.69,18.78,18.88,18.67,118034.03
2025-05-29,18.76,19.17,19.52,18.75,265451.06
2025-05-30,19.12,18.78,19.12,18.72,176744.99
2025-06-03,18.71,19.21,19.21,18.71,197905.23
2025-06-04,19.26,19.62,19.7,19.2,332189.48
2025-06-05,19.66,19.45,20.28,19.41,398986.72
2025-06-06,19.59,19.53,19.72,19.46,215746.75
2025-06-09,19.63,19.89,20.13,19.63,414100.93
2025-06-10,19.87,19.57,19.94,19.41,279564.11
2025-06-11,19.52,20.23,20.56,19.51,674996.73
2025-06-12,20.23,20.29,20.46,19.9,458874.48
2025-06-13,20.29,20.11,20.38,19.85,489738.98
2025-06-16,20.05,20.36,20.5,19.97,355322.44
2025-06-17,20.25,20.39,20.7,20.23,363154.41
2025-06-18,20.26,19.93,20.37,19.83,274901.6
2025-06-19,19.95,19.73,20.02,19.61,183506.6
2025-06-20,19.74,19.75,20.22,19.67,247773.09
2025-06-23,19.66,19.96,20.01,19.65,190468.94
2025-06-24,19.94,20.15,20.21,19.77,257154.93
2025-06-25,20.16,20.74,21.27,20.11,615869.0
2025-06-26,20.76,20.56,20.85,20.49,303518.24
2025-06-27,20.69,20.5,20.74,20.46,270811.95
2025-06-30,20.56,20.66,20.68,20.4,255443.25
2025-07-01,20.69,20.8,20.8,20.33,288655.06
2025-07-02,20.73,20.58,20.73,20.46,185278.1
2025-07-03,20.64,20.61,20.69,20.38,169069.71
2025-07-04,20.52,20.43,20.82,20.28,230164.54
2025-07-07,20.36,20.29,20.38,20.19,134535.51
2025-07-08,20.27,20.55,20.6,20.26,179952.3
2025-07-09,20.55,20.28,20.57,20.22,186914.94
2025-07-10,20.44,20.73,20.81,20.27,378477.79
2025-07-11,21.01,21.65,22.12,20.85,872277.84
2025-07-14,21.8,21.53,22.21,21.51,509440.12
2025-07-15,21.39,21.28,21.74,21.11,329211.11
2025-07-16,21.33,21.34,21.78,21.29,331570.8
2025-07-17,21.34,21.31,21.49,21.1,271994.12
2025-07-18,21.24,21.96,22.07,21.21,644991.91
2025-07-21,21.97,22.32,22.42,21.74,547994.41
2025-07-22,22.3,23.09,23.43,22.2,830448.98
2025-07-23,23.11,22.94,23.39,22.72,522851.59
2025-07-24,22.8,24.29,24.62,22.8,1001896.32
2025-07-25,24.36,24.69,24.98,23.99,888628.85
2025-07-28,24.59,24.73,25.27,24.03,708680.38
2025-07-29,24.52,24.51,24.78,24.04,541003.19
2025-07-30,24.49,23.68,24.61,23.32,627726.54
2025-07-31,23.37,22.93,23.64,22.71,525610.25
2025-08-01,22.89,22.44,22.91,22.38,330024.9
2025-08-04,22.42,22.52,22.61,22.41,317659.81
2025-08-05,22.61,22.52,22.69,22.35,285214.67
2025-08-06,22.52,22.84,22.88,22.45,370125.38
2025-08-07,22.94,22.99,23.24,22.18,673295.4
2025-08-08,22.86,23.37,23.79,22.77,582770.59
2025-08-11,23.4,23.34,23.51,22.98,411207.67
2025-08-12,23.44,23.11,23.45,22.97,299659.82
2025-08-13,23.12,23.55,23.67,23.1,442915.66
2025-08-14,23.5,23.29,23.88,23.22,466182.69
2025-08-15,23.13,23.7,24.01,23.11,465235.47
2025-08-18,23.96,24.44,24.67,23.62,713010.94
2025-08-19,24.44,25.43,26.63,24.29,989056.26
2025-08-20,25.2,26.36,27.42,25.2,914051.8
2025-08-21,26.55,26.57,27.5,26.26,871579.39
2025-08-22,26.33,27.13,27.85,26.12,1037414.28
2025-08-25,27.9,28.76,29.18,27.42,1216540.86
2025-08-26,28.34,27.95,28.34,27.23,912465.32
2025-08-27,27.86,28.28,29.42,27.57,1044187.9
2025-08-28,28.3,29.31,29.61,28.14,1013472.58
2025-08-29,29.24,30.4,30.79,28.88,1013290.03
2025-09-01,31.3,32.29,32.76,30.45,1154888.66
2025-09-02,32.57,31.3,32.77,30.81,1034525.3
2025-09-03,31.9,30.22,31.99,30.0,845954.18
2025-09-04,30.12,28.43,30.7,27.94,1072975.57
2025-09-05,28.42,29.41,29.62,28.26,684382.15
2025-09-08,31.11,30.86,32.23,30.5,1064159.44
2025-09-09,30.89,31.09,32.04,30.19,846677.79
2025-09-10,30.61,30.37,31.23,29.87,635567.79
2025-09-11,30.46,31.05,31.16,30.11,633010.69
2025-09-12,31.09,31.1,31.74,30.76,638645.93
2025-09-15,30.99,30.05,30.99,29.97,598626.61
2025-09-16,30.11,29.23,30.3,28.38,861053.18
2025-09-17,28.74,29.31,29.42,28.53,455086.77
2025-09-18,28.86,28.2,29.26,27.84,586328.52
2025-09-19,28.2,28.42,28.84,28.2,388098.16
2025-09-22,28.22,28.19,28.6,27.67,359748.77
2025-09-23,28.2,27.35,28.51,26.84,437712.38
2025-09-24,27.39,27.68,27.86,27.09,301173.92
2025-09-25,27.8,28.42,28.64,27.57,570925.49
2025-09-26,28.61,28.14,29.0,28.14,404954.88
2025-09-29,28.65,28.82,28.92,28.01,423031.21
2025-09-30,29.04,29.41,30.09,28.86,561670.0
2025-10-09,30.5,32.02,32.02,29.98,891658.31
2025-10-10,31.86,30.7,31.86,30.33,663825.52
2025-10-13,29.89,33.08,33.09,29.89,1038522.14
2025-10-14,33.09,32.27,34.19,31.2,961930.7
2025-10-15,32.27,31.75,32.61,30.73,552493.41
2025-10-16,31.3,30.76,31.56,30.58,401451.86
2025-10-17,30.72,29.78,31.38,29.64,409142.12
2025-10-20,29.87,29.76,30.28,29.24,316672.85
2025-10-21,29.91,30.22,30.39,29.74,309675.86
2025-10-22,29.65,29.89,30.08,29.0,292158.71
2025-10-23,29.64,29.54,29.95,28.77,285277.71
2025-10-24,29.8,31.19,31.3,29.78,518376.89
2025-10-27,32.4,34.31,34.31,31.9,1160294.96
2025-10-28,34.78,34.93,35.98,34.49,1674616.1
2025-10-29,34.93,37.27,37.6,34.93,1047940.2
2025-10-30,37.27,36.32,37.42,36.32,768878.92
2025-10-31,36.33,35.48,36.88,35.32,601665.89
2025-11-03,35.74,35.47,36.16,34.47,505427.07
2025-11-04,35.28,34.58,35.53,34.3,430301.21
2025-11-05,33.76,35.27,35.55,33.68,525552.33
2025-11-06,35.38,35.19,36.0,34.88,445041.98
2025-11-07,34.88,34.69,35.23,34.45,335037.56
2025-11-10,34.88,34.04,35.04,33.58,426669.78
2025-11-11,34.25,34.06,34.69,33.76,434449.36
2025-11-12,33.79,33.66,34.33,33.52,342771.73
2025-11-13,33.79,34.35,35.09,33.79,564380.94
2025-11-14,33.94,33.79,34.68,33.12,374933.03
2025-11-17,33.79,33.75,34.33,33.39,311609.38
2025-11-18,33.8,33.52,34.96,33.13,526521.76
2025-11-19,33.3,33.51,34.1,32.69,377844.56
2025-11-20,33.48,33.48,34.2,33.18,351055.23
2025-11-21,32.81,31.55,32.84,31.53,439865.46
2025-11-24,31.68,32.22,32.46,31.35,329639.21
2025-11-25,32.62,32.38,32.72,32.15,236270.19
2025-11-26,32.57,32.53,33.05,32.3,230009.13
2025-11-27,32.79,32.35,33.19,32.27,249508.99
2025-11-28,32.2,34.18,34.54,32.08,519687.35
2025-12-01,34.61,34.92,35.3,34.36,448775.36
2025-12-02,34.59,34.78,35.17,34.24,274294.28
2025-12-03,34.77,34.95,35.57,34.58,360021.36
2025-12-04,34.95,34.9,35.42,34.63,319414.96
2025-12-05,35.0,35.52,35.86,34.91,397869.44
2025-12-08,36.0,36.89,37.05,35.44,562615.35
2025-12-09,36.67,36.5,37.21,35.99,480698.53
2025-12-10,36.7,36.67,36.94,35.8,428138.92
2025-12-11,36.93,36.57,37.01,36.26,361404.26
2025-12-12,36.88,37.8,37.95,36.29,649299.73
2025-12-15,37.82,38.67,39.48,37.66,462741.3
2025-12-16,39.1,39.01,39.92,38.27,580831.74
2025-12-17,39.35,41.33,41.96,38.95,759641.26
2025-12-18,40.9,39.86,41.61,39.72,576109.35
2025-12-19,39.96,39.75,40.39,39.3,429180.26
2025-12-22,40.01,41.08,41.54,39.65,548273.44
2025-12-23,41.15,42.72,43.86,40.81,676210.21
2025-12-24,42.73,40.77,43.03,39.75,713149.54
2025-12-25,40.15,39.97,40.49,39.62,452413.13
2025-12-26,39.97,40.82,41.68,39.95,553468.43
2025-12-29,40.84,40.31,41.64,40.25,461921.68
2025-12-30,39.31,40.63,41.24,39.11,386128.8
2025-12-31,40.44,40.8,41.62,40.25,380338.75
2026-01-05,41.73,41.74,42.23,40.76,388187.0
2026-01-06,42.15,43.05,43.21,41.7,490308.69
2026-01-07,43.45,44.57,45.36,43.05,589675.69
2026-01-08,43.72,43.54,44.72,42.84,437107.48
2026-01-09,43.34,47.89,47.89,43.34,700250.19
2026-01-12,49.69,48.71,49.98,46.95,746330.59
2026-01-13,48.48,48.72,49.99,47.71,596922.03
2026-01-14,49.26,50.16,51.18,48.84,675700.74
2026-01-15,49.88,51.59,52.15,49.67,561652.97
2026-01-16,51.97,53.5,55.5,51.18,703046.14
2026-01-19,53.51,56.29,56.44,52.12,588738.64
2026-01-20,56.65,53.72,56.72,51.1,794510.61
2026-01-21,54.02,58.63,58.77,53.56,709615.1
2026-01-22,58.43,57.64,59.6,56.12,648238.97
2026-01-23,57.83,59.2,59.42,55.75,664999.68
2026-01-26,59.21,65.1,65.11,59.21,707228.82
2026-01-27,63.6,63.8,68.77,61.94,944877.94
2026-01-28,59.62,64.53,66.54,59.08,1086796.88
2026-01-29,63.9,59.63,65.07,58.75,1009728.02
2026-01-30,56.96,56.2,58.61,53.69,968613.0
2026-02-02,53.39,53.41,56.6,53.32,833363.85
2026-02-03,55.0,55.83,56.05,53.87,715136.96
2026-02-04,57.44,56.37,57.54,55.02,479435.45
2026-02-05,55.52,54.81,56.8,53.79,458727.64
2026-02-06,53.6,56.44,57.7,53.47,599846.04
2026-02-09,57.85,55.97,57.98,55.71,539829.49
2026-02-10,56.6,57.34,57.82,55.71,493683.44
2026-02-11,57.44,61.66,62.56,57.4,840245.01
2026-02-12,61.5,62.47,64.94,60.4,897966.95
2026-02-13,60.68,59.13,61.53,59.11,627296.4
2026-02-24,61.62,59.39,61.96,58.94,489945.69
2026-02-25,60.22,63.73,64.88,59.65,840628.26
2026-02-26,64.45,63.37,67.42,63.31,875862.77
2026-02-27,63.37,69.71,69.71,63.37,871158.83
2026-03-02,73.54,74.43,75.78,70.46,1025184.26
2026-03-03,73.57,75.11,79.5,73.53,1162043.65
2026-03-04,69.66,78.27,81.05,69.58,1176661.73
2026-03-05,80.45,74.5,80.9,73.54,944564.61
2026-03-06,75.11,73.54,77.77,72.65,871422.1
2026-03-09,71.55,71.25,73.29,68.45,710362.06
2026-03-10,72.14,71.73,73.32,69.21,530437.59
2026-03-11,72.53,68.76,73.83,67.92,803963.15
2026-03-12,68.17,67.7,69.54,66.89,513998.92
2026-03-13,65.71,62.01,66.38,61.83,965268.9
2026-03-16,60.82,60.02,61.48,58.25,660225.06
2026-03-17,60.13,58.73,60.9,58.73,444779.78
2026-03-18,58.98,59.35,60.06,58.33,366804.3
2026-03-19,58.13,54.97,58.75,54.85,692497.0
2026-03-20,55.73,53.98,56.15,53.8,538196.48
2026-03-23,52.76,51.63,54.5,51.23,546632.12
2026-03-24,52.68,55.36,55.39,50.68,747105.11
2026-03-25,57.78,57.99,59.9,55.67,1165312.74
2026-03-26,60.61,57.15,60.87,56.15,1060006.27
2026-03-27,55.45,58.37,59.97,55.45,920491.41
2026-03-30,58.18,56.84,58.36,55.74,564415.97
2026-03-31,56.99,55.27,57.54,54.88,505497.49
2026-04-01,56.65,55.65,56.71,55.01,418624.72
2026-04-02,54.65,53.04,54.66,52.44,486344.84
2026-04-03,53.03,52.86,53.8,52.49,276053.78
2026-04-07,52.92,53.99,55.04,52.92,386872.88
2026-04-08,55.65,57.6,57.64,55.35,656149.04
2026-04-09,56.61,58.02,59.53,56.45,583609.86
2026-04-10,59.03,58.3,59.93,57.55,521748.38
2026-04-13,57.14,57.79,58.45,56.34,415895.17
2026-04-14,58.35,58.2,58.81,57.27,498584.69
2026-04-15,58.65,55.9,59.07,55.66,587370.52
2026-04-16,55.95,61.49,61.49,55.45,991893.69
2026-04-17,61.78,62.46,63.42,61.22,1054267.51
2026-04-20,61.87,63.25,64.59,61.87,817097.45
2026-04-21,62.63,63.59,64.16,61.39,555320.7
2026-04-22,63.3,65.88,66.35,62.68,719268.14
2026-04-23,65.93,62.26,65.98,61.63,751437.18
2026-04-24,60.32,61.39,62.26,59.63,633735.03
2026-04-27,60.12,56.43,60.24,56.3,1052192.33
2026-04-28,56.64,54.62,57.1,54.15,674803.56
2026-04-29,54.71,59.1,59.42,54.56,873057.99
2026-04-30,58.13,57.42,59.69,57.04,692325.22
2026-05-06,57.24,59.34,59.72,55.75,795273.41
2026-05-07,59.67,59.42,60.45,58.8,664880.06
2026-05-08,58.53,58.37,59.31,57.51,540695.93
2026-05-11,58.42,59.05,59.54,57.68,609843.37
2026-05-12,59.3,57.48,59.4,56.84,522580.8
2026-05-13,57.04,58.52,59.46,57.02,636341.12
2026-05-14,57.91,54.77,57.93,54.76,696026.81
2026-05-15,54.65,53.06,54.93,52.78,527997.26
2026-05-18,52.35,53.12,54.15,51.66,397593.38
2026-05-19,53.12,50.76,53.13,50.07,496770.12
2026-05-20,49.98,50.57,51.41,48.99,562869.96
2026-05-21,51.36,49.85,52.77,49.7,531728.32
2026-05-22,49.87,51.71,52.23,49.87,509806.62
2026-05-25,52.75,51.57,53.02,51.13,405168.19
2026-05-26,50.78,53.61,53.65,50.58,657204.67
2026-05-27,53.66,51.24,53.88,50.83,509430.06
2026-05-28,50.92,52.07,52.82,50.08,434164.3
2026-05-29,52.88,54.03,55.82,50.98,978318.74
2026-06-01,55.21,52.52,56.71,52.42,683192.01
2026-06-02,52.67,55.46,55.83,51.15,788300.05
2026-06-03,55.5,59.63,60.92,55.23,1312808.67
2026-06-04,59.64,63.33,63.58,57.74,1268020.46
2026-06-05,62.6,61.34,65.49,61.13,1167967.24
2026-06-08,58.53,59.0,62.72,56.64,834086.37
2026-06-09,60.42,63.53,63.6,59.14,863356.86
2026-06-10,62.7,63.35,65.85,61.51,888347.27
2026-06-11,64.51,67.44,68.6,63.76,1190759.75
2026-06-12,69.0,64.8,70.13,64.53,1641505.09
2026-06-15,66.1,71.28,71.28,65.5,1158988.12
2026-06-16,74.0,78.41,78.41,73.81,623654.25
2026-06-17,80.0,80.84,82.89,76.8,1665609.21
2026-06-18,78.12,85.91,88.9,76.5,1555384.8
2026-06-22,88.92,94.5,94.5,88.88,1084640.7
2026-06-23,96.85,85.43,96.85,85.05,1249553.12
2026-06-24,84.53,83.03,85.97,81.18,1139450.96
2026-06-25,83.5,85.86,87.5,81.55,960440.67
2026-06-26,87.0,84.5,89.68,83.62,936733.3
2026-06-29,84.46,83.86,87.6,80.35,868396.47
2026-06-30,82.62,85.2,87.48,82.62,788000.06
2026-07-01,86.05,84.9,89.0,83.08,860265.28
2026-07-02,79.0,82.15,88.44,76.63,1029991.81
2026-07-03,81.2,75.05,81.9,74.88,935687.15
2026-07-06,74.68,70.84,76.96,70.0,900111.03
2026-07-07,69.23,66.42,71.43,66.05,616591.31
2026-07-08,66.69,63.49,67.54,63.22,510952.1
2026-07-09,63.59,64.71,64.71,60.45,607960.03
2026-07-10,64.0,63.35,67.66,63.16,647140.06
2026-07-13,62.11,59.14,63.6,58.36,549729.41
2026-07-14,59.02,62.57,62.83,58.57,575082.86
2026-07-15,63.5,58.08,63.6,57.71,565255.15
2026-07-16,56.03,55.67,58.2,55.1,431495.32
2026-07-17,55.12,51.27,56.0,50.68,475819.96
2026-07-20,52.31,47.15,52.96,46.14,651929.57
2026-07-21,47.15,50.18,50.39,43.04,842189.45
2026-07-22,49.76,49.56,51.67,48.9,622173.79
2026-07-23,50.23,50.27,51.15,49.26,519926.07
2026-07-24,49.23,48.39,50.66,48.1,428510.8
2026-07-27,49.11,50.2,50.33,47.75,450130.89
2026-07-28,49.0,46.99,49.98,46.83,438641.64
2026-07-29,47.0,47.37,48.07,45.01,541512.36
2026-07-30,47.35,45.0,48.12,44.25,512587.1
2026-07-31,47.14,47.05,48.87,46.81,638552.3
