date,open,close,high,low,volume
2023-01-03,11.13,11.13,11.28,11.07,20843.35
2023-01-04,11.17,11.03,11.23,10.97,21579.95
2023-01-05,11.05,11.07,11.19,10.97,19102.0
2023-01-06,11.05,10.75,11.09,10.75,29231.0
2023-01-09,10.84,10.94,10.97,10.76,13629.0
2023-01-10,10.91,10.81,10.92,10.79,10590.0
2023-01-11,10.85,10.69,10.87,10.65,17205.0
2023-01-12,10.69,10.65,10.75,10.61,15148.21
2023-01-13,10.63,10.83,10.83,10.63,14984.99
2023-01-16,10.81,11.07,11.49,10.81,46997.83
2023-01-17,10.97,10.99,11.09,10.95,14600.0
2023-01-18,10.99,11.0,11.1,10.95,9341.42
2023-01-19,10.97,11.03,11.03,10.83,11388.01
2023-01-20,11.03,11.19,11.23,10.99,13982.01
2023-01-30,11.3,11.18,11.38,11.13,21655.03
2023-01-31,11.12,11.56,11.72,11.12,43869.59
2023-02-01,11.55,11.52,11.62,11.35,25085.96
2023-02-02,11.52,11.5,11.54,11.36,17664.0
2023-02-03,11.49,11.39,11.67,11.34,22244.74
2023-02-06,11.31,11.3,11.44,11.28,10371.82
2023-02-07,11.3,11.34,11.41,11.24,12422.55
2023-02-08,11.3,11.3,11.53,11.25,14678.08
2023-02-09,11.28,11.3,11.34,11.24,12781.49
2023-02-10,11.32,11.37,11.37,11.27,9611.0
2023-02-13,11.37,11.47,11.48,11.28,17487.0
2023-02-14,11.49,11.44,11.51,11.41,9948.0
2023-02-15,11.42,11.3,11.43,11.28,11568.0
2023-02-16,11.28,11.21,11.54,11.13,28409.0
2023-02-17,11.17,11.21,11.32,11.17,9799.25
2023-02-20,11.18,11.31,11.36,11.17,7445.0
2023-02-21,11.32,11.32,11.36,11.26,7462.0
2023-02-22,11.27,11.3,11.33,11.23,5205.0
2023-02-23,11.28,11.22,11.35,11.2,10916.0
2023-02-24,11.26,11.28,11.28,11.17,7231.0
2023-02-27,11.2,11.22,11.31,11.2,5985.0
2023-02-28,11.3,11.32,11.32,11.22,8878.29
2023-03-01,11.32,11.32,11.38,11.3,16502.79
2023-03-02,11.3,11.36,11.39,11.29,8459.87
2023-03-03,11.38,11.46,11.47,11.32,13518.0
2023-03-06,11.45,11.56,11.59,11.43,20111.12
2023-03-07,11.56,11.36,11.69,11.3,21659.82
2023-03-08,11.38,11.48,11.54,11.3,14488.0
2023-03-09,11.51,11.5,11.62,11.39,16772.0
2023-03-10,11.5,11.32,11.52,11.3,13389.0
2023-03-13,11.3,11.37,11.41,11.25,11130.0
2023-03-14,11.37,11.28,11.48,11.21,14417.0
2023-03-15,11.34,11.42,11.46,11.27,14330.01
2023-03-16,11.36,11.28,11.43,11.26,12283.83
2023-03-17,11.32,11.38,11.42,11.26,13737.66
2023-03-20,11.37,11.18,11.43,11.18,19676.0
2023-03-21,11.2,11.3,11.32,11.18,12386.32
2023-03-22,11.39,11.35,11.39,11.27,10748.91
2023-03-23,11.36,11.36,11.36,11.21,16822.66
2023-03-24,11.36,11.36,11.42,11.32,15607.0
2023-03-27,11.43,11.26,11.43,11.17,25850.26
2023-03-28,11.28,11.17,11.3,11.17,8092.66
2023-03-29,11.17,11.19,11.28,11.17,11353.13
2023-03-30,11.21,11.23,11.25,11.08,13593.0
2023-03-31,11.26,11.47,11.47,11.2,19937.86
2023-04-03,11.46,11.8,11.89,11.46,29069.14
2023-04-04,11.76,11.88,11.93,11.76,20267.42
2023-04-06,11.89,11.84,11.94,11.76,12735.0
2023-04-07,11.88,11.82,11.88,11.78,11483.0
2023-04-10,11.83,11.74,11.86,11.69,6955.0
2023-04-11,11.77,11.75,11.77,11.64,6922.41
2023-04-12,11.82,11.88,11.91,11.78,12307.76
2023-04-13,11.91,11.9,12.03,11.79,13180.0
2023-04-14,11.94,12.47,12.49,11.92,48505.44
2023-04-17,12.36,12.94,13.19,12.18,92855.61
2023-04-18,12.95,12.49,12.97,12.45,51739.67
2023-04-19,12.49,12.49,12.66,12.33,31257.85
2023-04-20,12.42,12.36,12.42,12.2,26898.67
2023-04-21,12.3,12.04,12.45,12.02,23676.82
2023-04-24,12.03,11.98,12.08,11.81,23757.62
2023-04-25,11.98,12.0,12.23,11.81,18253.0
2023-04-26,11.9,12.22,12.28,11.86,22960.03
2023-04-27,12.12,12.2,12.41,12.12,18323.52
2023-04-28,12.63,12.93,13.05,12.4,79264.64
2023-05-04,12.92,13.0,13.04,12.73,37152.2
2023-05-05,12.97,12.93,13.02,12.77,25391.76
2023-05-08,12.92,13.01,13.13,12.86,28035.65
2023-05-09,13.03,13.19,13.53,13.03,47098.47
2023-05-10,13.13,12.94,13.17,12.86,22986.24
2023-05-11,12.98,13.04,13.16,12.87,20736.81
2023-05-12,13.01,12.99,13.2,12.97,14611.73
2023-05-15,12.96,13.27,13.27,12.85,22731.0
2023-05-16,13.26,13.03,13.35,13.02,17518.84
2023-05-17,13.09,13.23,13.25,12.97,15467.0
2023-05-18,13.23,13.21,13.38,13.09,17095.27
2023-05-19,13.14,12.99,13.26,12.88,17392.52
2023-05-22,12.92,13.05,13.09,12.88,13015.65
2023-05-23,13.04,12.81,13.12,12.81,12283.08
2023-05-24,12.84,12.81,12.99,12.69,14012.0
2023-05-25,12.88,12.7,12.88,12.5,18223.59
2023-05-26,12.76,12.73,12.82,12.66,8857.0
2023-05-29,12.74,12.78,13.03,12.74,13325.27
2023-05-30,12.68,12.95,13.05,12.68,13060.0
2023-05-31,12.96,13.07,13.23,12.88,16623.4
2023-06-01,13.06,13.09,13.21,12.97,13430.97
2023-06-02,13.12,13.11,13.24,12.97,14164.64
2023-06-05,13.11,13.22,13.23,12.99,13515.66
2023-06-06,13.19,13.07,13.4,13.06,14592.26
2023-06-07,13.11,13.4,13.43,13.06,17439.97
2023-06-08,13.34,13.71,14.06,13.32,33313.61
2023-06-09,13.69,13.69,13.82,13.52,19850.36
2023-06-12,13.71,13.44,13.84,13.43,18887.48
2023-06-13,13.43,13.48,13.76,13.43,14432.12
2023-06-14,13.52,13.36,13.62,13.32,14452.67
2023-06-15,13.5,13.42,13.5,13.25,18179.59
2023-06-16,13.42,13.54,13.68,13.37,16941.33
2023-06-19,13.56,13.54,13.74,13.38,14728.22
2023-06-20,13.65,13.84,13.91,13.56,22956.17
2023-06-21,13.76,13.37,13.76,13.36,17894.6
2023-06-26,13.25,13.24,13.52,13.19,16584.26
2023-06-27,13.25,13.57,13.6,13.23,16130.95
2023-06-28,13.61,13.78,13.8,13.41,15641.27
2023-06-29,13.76,13.67,13.76,13.57,11908.0
2023-06-30,13.67,13.75,13.77,13.6,12801.5
2023-07-03,13.75,13.79,13.93,13.62,21522.72
2023-07-04,13.79,13.85,13.95,13.7,15527.21
2023-07-05,13.88,13.92,13.97,13.7,15401.23
2023-07-06,13.92,13.91,14.0,13.76,14631.73
2023-07-07,13.88,13.77,14.02,13.73,12565.24
2023-07-10,13.9,13.75,13.92,13.7,11541.01
2023-07-11,13.82,13.55,13.82,13.5,12199.3
2023-07-12,13.58,13.11,13.62,13.1,27990.26
2023-07-13,13.13,13.32,13.37,13.12,24752.25
2023-07-14,13.83,13.36,13.83,13.3,49781.29
2023-07-17,13.3,13.74,13.8,13.23,42367.29
2023-07-18,13.75,13.85,13.91,13.44,26303.05
2023-07-19,13.78,13.88,13.99,13.78,21553.4
2023-07-20,13.92,13.86,14.03,13.82,23277.0
2023-07-21,13.8,14.01,14.14,13.8,21387.39
2023-07-24,14.01,13.9,14.06,13.79,20268.0
2023-07-25,14.05,13.86,14.25,13.79,37112.97
2023-07-26,13.83,13.6,13.92,13.53,29071.65
2023-07-27,13.6,13.73,13.95,13.6,36603.65
2023-07-28,13.66,13.77,13.83,13.6,29679.5
2023-07-31,13.78,13.89,13.9,13.72,27649.99
2023-08-01,13.83,13.78,13.91,13.75,22128.8
2023-08-02,13.76,13.73,13.96,13.67,20587.8
2023-08-03,13.68,13.62,13.76,13.58,19504.01
2023-08-04,13.6,13.65,13.78,13.59,19013.8
2023-08-07,13.63,13.57,13.71,13.56,13506.8
2023-08-08,13.59,13.43,13.59,13.41,24256.5
2023-08-09,13.39,13.39,13.55,13.36,18341.59
2023-08-10,13.39,13.64,13.64,13.37,18199.57
2023-08-11,13.61,13.44,13.67,13.4,21043.8
2023-08-14,13.43,13.48,13.49,13.3,13259.4
2023-08-15,13.41,13.18,13.49,13.12,31116.48
2023-08-16,13.11,13.17,13.27,13.11,19517.75
2023-08-17,13.09,13.21,13.24,13.04,18529.59
2023-08-18,13.22,13.16,13.37,13.16,22794.0
2023-08-21,13.14,12.79,13.28,12.75,35060.65
2023-08-22,12.8,12.64,12.91,12.5,44513.45
2023-08-23,12.73,12.5,12.76,12.43,33903.4
2023-08-24,12.55,12.51,12.7,12.49,20834.75
2023-08-25,12.5,12.47,12.71,12.42,20190.87
2023-08-28,12.97,12.54,12.97,12.48,26010.75
2023-08-29,12.49,12.95,12.96,12.49,33198.22
2023-08-30,12.99,12.79,13.12,12.77,33167.79
2023-08-31,12.73,12.55,12.85,12.49,31855.79
2023-09-01,12.57,12.57,12.64,12.5,22329.25
2023-09-04,12.59,12.71,12.8,12.53,31185.35
2023-09-05,12.64,12.65,12.75,12.59,19136.51
2023-09-06,12.64,12.57,12.69,12.49,14805.0
2023-09-07,12.5,12.52,12.66,12.42,18116.2
2023-09-08,12.4,12.55,12.6,12.36,21886.6
2023-09-11,12.56,12.77,12.86,12.48,31428.7
2023-09-12,12.72,12.84,12.87,12.66,23879.98
2023-09-13,13.48,13.18,14.06,13.18,193783.05
2023-09-14,13.18,12.39,13.25,12.37,144042.59
2023-09-15,12.41,12.43,12.59,12.35,65999.67
2023-09-18,12.41,12.36,12.43,12.22,44038.91
2023-09-19,12.32,12.36,12.49,12.32,33503.93
2023-09-20,12.35,12.19,12.38,12.18,39501.4
2023-09-21,12.15,12.15,12.24,12.12,22728.86
2023-09-22,12.09,12.18,12.23,12.09,32076.56
2023-09-25,12.17,12.04,12.21,12.03,27120.69
2023-09-26,12.01,12.06,12.1,12.01,17705.21
2023-09-27,12.03,12.04,12.14,12.02,22856.57
2023-09-28,12.05,12.17,12.18,12.03,21355.28
2023-10-09,12.06,11.96,12.14,11.92,30467.08
2023-10-10,11.96,11.92,12.05,11.86,25121.8
2023-10-11,11.92,11.84,11.93,11.82,18448.21
2023-10-12,11.8,11.9,11.94,11.8,18744.81
2023-10-13,11.87,11.76,11.89,11.75,15963.0
2023-10-16,11.78,11.74,11.8,11.65,21057.0
2023-10-17,11.75,11.77,11.8,11.67,10488.8
2023-10-18,11.73,11.46,11.74,11.42,25211.12
2023-10-19,11.41,11.42,11.54,11.35,17109.6
2023-10-20,11.36,11.37,11.51,11.35,11435.2
2023-10-23,11.33,11.16,11.4,11.1,17269.71
2023-10-24,11.2,11.33,11.34,11.18,19282.14
2023-10-25,11.35,11.64,11.65,11.35,22647.1
2023-10-26,11.56,11.7,11.7,11.51,14355.08
2023-10-27,11.72,11.81,11.84,11.64,19397.17
2023-10-30,11.85,11.91,12.03,11.81,24818.95
2023-10-31,11.91,11.85,11.97,11.79,27095.43
2023-11-01,11.89,11.81,11.92,11.7,16065.19
2023-11-02,11.87,11.74,11.88,11.72,16349.0
2023-11-03,11.7,11.75,11.81,11.7,12296.1
2023-11-06,11.82,11.92,11.93,11.76,19370.08
2023-11-07,11.94,11.88,11.94,11.83,11277.68
2023-11-08,11.88,11.89,11.93,11.82,13962.0
2023-11-09,11.92,11.86,11.95,11.83,13653.05
2023-11-10,11.91,11.86,11.91,11.78,11445.5
2023-11-13,11.89,11.91,11.97,11.83,17508.72
2023-11-14,11.91,11.9,11.93,11.83,12592.2
2023-11-15,11.95,12.01,12.04,11.91,21208.93
2023-11-16,12.01,12.12,12.16,11.96,23986.32
2023-11-17,12.06,12.21,12.29,12.01,38732.78
2023-11-20,12.14,12.32,12.33,12.11,25458.99
2023-11-21,12.33,12.24,12.38,12.22,27268.8
2023-11-22,12.28,12.22,12.38,12.22,16823.19
2023-11-23,12.23,12.29,12.32,12.2,17259.4
2023-11-24,12.28,12.24,12.34,12.2,12668.4
2023-11-27,12.27,12.29,12.31,12.14,15249.77
2023-11-28,12.29,12.32,12.33,12.22,12315.74
2023-11-29,12.31,12.18,12.33,12.18,12193.84
2023-11-30,12.21,12.21,12.29,12.13,12287.05
2023-12-01,12.21,12.18,12.29,12.15,17901.6
2023-12-04,12.22,12.19,12.28,12.19,16420.75
2023-12-05,12.18,12.06,12.23,12.05,23626.0
2023-12-06,12.08,12.15,12.23,11.98,23893.2
2023-12-07,12.16,12.14,12.2,12.04,18886.2
2023-12-08,12.1,11.93,12.21,11.88,25183.0
2023-12-11,11.93,11.96,11.99,11.65,26174.05
2023-12-12,11.98,12.03,12.05,11.9,13453.4
2023-12-13,12.02,11.78,12.06,11.75,23364.8
2023-12-14,11.79,11.83,11.91,11.76,19303.2
2023-12-15,11.84,11.78,11.89,11.73,19301.11
2023-12-18,11.81,11.67,11.85,11.65,14263.97
2023-12-19,11.7,11.62,11.7,11.54,13254.24
2023-12-20,11.64,11.57,11.72,11.55,11960.28
2023-12-21,11.48,11.66,11.66,11.37,16838.8
2023-12-22,11.63,11.52,11.67,11.47,20185.08
2023-12-25,11.44,11.49,11.59,11.31,21164.95
2023-12-26,11.48,11.35,11.58,11.34,12749.34
2023-12-27,11.31,11.42,11.47,11.3,11225.43
2023-12-28,11.42,11.67,11.69,11.35,15359.2
2023-12-29,11.63,11.67,11.68,11.58,19637.0
2024-01-02,11.65,11.94,11.97,11.59,25702.4
2024-01-03,11.82,11.92,12.0,11.81,18356.4
2024-01-04,11.96,11.89,11.97,11.82,14079.07
2024-01-05,11.89,11.88,12.02,11.81,18771.6
2024-01-08,11.89,11.6,11.92,11.59,30138.54
2024-01-09,11.63,11.99,11.99,11.59,38015.08
2024-01-10,11.86,12.16,12.35,11.84,68660.64
2024-01-11,12.14,12.1,12.18,11.99,39551.56
2024-01-12,12.04,12.06,12.21,12.01,31490.0
2024-01-15,11.82,12.01,12.1,11.63,40129.2
2024-01-16,11.98,12.05,12.11,11.9,29422.8
2024-01-17,11.96,11.96,12.35,11.96,47876.6
2024-01-18,11.83,11.82,11.92,11.41,47333.27
2024-01-19,11.79,11.7,11.85,11.64,23202.6
2024-01-22,11.71,11.07,11.74,10.97,44094.65
2024-01-23,11.03,11.09,11.19,10.72,34476.41
2024-01-24,11.06,11.45,11.49,10.96,34663.73
2024-01-25,11.73,12.02,12.03,11.63,61515.37
2024-01-26,12.02,12.51,13.08,11.92,153105.59
2024-01-29,12.21,11.97,12.39,11.96,104533.65
2024-01-30,11.96,11.49,12.05,11.43,75961.39
2024-01-31,11.46,11.19,11.54,11.14,55375.76
2024-02-01,11.16,10.94,11.18,10.86,52911.38
2024-02-02,10.92,11.06,11.21,10.66,55527.48
2024-02-05,10.84,10.56,10.92,10.31,66967.84
2024-02-06,10.32,11.1,11.21,10.24,48810.26
2024-02-07,11.07,11.15,11.28,10.9,40559.93
2024-02-08,11.25,11.79,11.92,11.12,66923.12
2024-02-19,11.79,12.12,12.15,11.79,68419.89
2024-02-20,11.96,12.1,12.21,11.88,37449.05
2024-02-21,12.01,12.06,12.35,12.01,48495.52
2024-02-22,12.06,12.03,12.12,11.92,33139.32
2024-02-23,12.06,12.05,12.07,11.93,21685.79
2024-02-26,12.04,11.99,12.14,11.93,30400.5
2024-02-27,11.97,12.1,12.1,11.9,23456.51
2024-02-28,12.11,11.83,12.26,11.83,39805.68
2024-02-29,11.79,12.03,12.04,11.78,24138.15
2024-03-01,12.03,12.07,12.08,11.93,21380.75
2024-03-04,12.06,12.21,12.24,11.97,31389.13
2024-03-05,12.15,12.21,12.24,12.06,29515.77
2024-03-06,12.21,12.66,12.66,12.16,69637.8
2024-03-07,12.61,12.09,12.61,12.07,50297.29
2024-03-08,12.08,12.06,12.14,11.96,42767.0
2024-03-11,12.06,12.13,12.15,12.01,29294.31
2024-03-12,12.13,12.17,12.25,12.09,39056.75
2024-03-13,12.17,12.06,12.17,12.01,33051.15
2024-03-14,12.08,12.23,12.31,12.06,62691.66
2024-03-15,12.22,12.16,12.25,12.09,48960.4
2024-03-18,12.18,12.35,12.37,12.17,38686.39
2024-03-19,12.31,12.22,12.36,12.21,30218.33
2024-03-20,12.21,12.22,12.26,12.15,30444.5
2024-03-21,12.25,12.1,12.27,12.07,33452.11
2024-03-22,12.09,12.06,12.14,11.88,33922.67
2024-03-25,11.99,12.01,12.13,11.96,24534.05
2024-03-26,11.98,12.06,12.09,11.96,21344.4
2024-03-27,12.06,11.96,12.09,11.95,18955.29
2024-03-28,11.93,12.06,12.09,11.93,24007.81
2024-03-29,12.06,12.25,12.27,12.05,40948.96
2024-04-01,12.31,12.49,12.5,12.27,45042.84
2024-04-02,12.49,12.61,12.62,12.47,54935.44
2024-04-03,12.62,12.63,12.65,12.45,42987.98
2024-04-08,12.56,12.55,12.69,12.53,33125.76
2024-04-09,12.49,12.67,12.67,12.43,29699.96
2024-04-10,12.69,12.56,12.73,12.54,25796.23
2024-04-11,12.56,12.72,12.82,12.47,35286.22
2024-04-12,12.77,12.71,12.9,12.69,30908.05
2024-04-15,12.64,12.84,12.98,12.49,61175.72
2024-04-16,12.82,12.37,12.83,12.36,65895.28
2024-04-17,12.52,12.7,12.72,12.43,46199.54
2024-04-18,12.66,12.83,13.03,12.63,53495.85
2024-04-19,12.79,12.81,13.0,12.71,49134.72
2024-04-22,12.8,12.87,12.96,12.75,38761.93
2024-04-23,12.91,12.87,12.92,12.8,30128.48
2024-04-24,12.89,12.9,12.91,12.76,31509.23
2024-04-25,12.87,13.21,13.35,12.86,70706.42
2024-04-26,13.18,13.25,13.28,12.99,63522.05
2024-04-29,13.35,13.5,13.5,13.06,70051.97
2024-04-30,13.27,13.03,13.27,12.97,76925.26
2024-05-06,13.11,13.12,13.18,13.04,48632.93
2024-05-07,13.12,13.01,13.15,12.92,41052.93
2024-05-08,12.97,12.89,12.99,12.86,26111.77
2024-05-09,12.86,13.0,13.06,12.82,28955.34
2024-05-10,12.99,13.02,13.07,12.94,24572.29
2024-05-13,12.93,13.1,13.15,12.82,45697.95
2024-05-14,13.1,13.19,13.19,13.07,29293.6
2024-05-15,13.17,13.07,13.21,13.05,18925.1
2024-05-16,13.03,12.92,13.14,12.89,25991.2
2024-05-17,12.97,12.98,13.01,12.85,22236.0
2024-05-20,12.96,13.15,13.16,12.94,30941.2
2024-05-21,13.07,13.12,13.15,13.03,20457.01
2024-05-22,13.08,13.11,13.21,13.07,20987.2
2024-05-23,13.08,12.83,13.09,12.8,31499.67
2024-05-24,12.78,12.78,12.93,12.77,19961.1
2024-05-27,12.84,12.94,12.97,12.77,16426.2
2024-05-28,12.96,12.88,12.98,12.87,14111.6
2024-05-29,12.9,12.79,12.9,12.76,13545.8
2024-05-30,12.78,12.68,12.82,12.66,17750.4
2024-05-31,12.7,12.78,12.81,12.66,15992.6
2024-06-03,12.78,12.56,12.78,12.45,26060.4
2024-06-04,12.51,12.63,12.65,12.48,20293.98
2024-06-05,12.66,12.54,12.68,12.53,23071.49
2024-06-06,12.61,12.36,12.61,12.32,26398.41
2024-06-07,12.38,12.52,12.54,12.38,20083.86
2024-06-11,12.41,12.36,12.5,12.29,16189.4
2024-06-12,12.34,12.36,12.42,12.29,16582.8
2024-06-13,12.33,12.22,12.38,12.2,18069.94
2024-06-14,12.22,12.29,12.32,12.2,16685.81
2024-06-17,12.25,12.24,12.35,12.19,13205.0
2024-06-18,12.22,12.24,12.3,12.21,12730.6
2024-06-19,12.28,12.21,12.28,12.21,12713.4
2024-06-20,12.22,11.98,12.24,11.92,23799.2
2024-06-21,11.98,12.05,12.11,11.93,11839.13
2024-06-24,12.01,11.74,12.06,11.72,26115.74
2024-06-25,11.74,11.82,11.91,11.7,19383.69
2024-06-26,11.78,11.93,11.93,11.76,17774.6
2024-06-27,11.94,11.75,11.99,11.68,13698.0
2024-06-28,11.68,11.78,11.9,11.68,20171.31
2024-07-01,11.85,12.04,12.05,11.78,20534.51
2024-07-02,11.98,12.09,12.29,11.98,22171.6
2024-07-03,12.07,12.02,12.23,12.01,19291.4
2024-07-04,12.02,11.78,12.06,11.76,16595.87
2024-07-05,11.79,11.85,11.87,11.74,12588.61
2024-07-08,11.83,11.69,11.84,11.67,14177.43
2024-07-09,11.72,12.03,12.03,11.68,20319.23
2024-07-10,12.06,12.12,12.23,12.04,20901.98
2024-07-11,12.16,12.36,12.42,12.16,28909.41
2024-07-12,12.34,12.43,12.52,12.29,23244.41
2024-07-15,12.42,12.37,12.44,12.33,13402.1
2024-07-16,12.37,12.32,12.43,12.28,11659.0
2024-07-17,12.33,12.19,12.34,12.13,20883.0
2024-07-18,12.23,12.35,12.35,12.06,21774.2
2024-07-19,12.25,12.26,12.36,12.18,19206.8
2024-07-22,12.25,12.22,12.29,12.14,11833.6
2024-07-23,12.21,12.12,12.29,12.12,13699.2
2024-07-24,12.14,12.04,12.22,12.02,13208.13
2024-07-25,12.08,12.25,12.28,12.03,14778.3
2024-07-26,12.26,12.26,12.35,12.21,14288.9
2024-07-29,12.26,12.22,12.3,12.18,10812.82
2024-07-30,12.21,12.24,12.25,12.15,8931.45
2024-07-31,12.28,12.59,12.64,12.25,27486.6
2024-08-01,12.59,12.63,12.66,12.55,19173.09
2024-08-02,12.59,12.58,12.72,12.53,18621.97
2024-08-05,12.57,12.54,12.75,12.46,23264.87
2024-08-06,12.59,12.6,12.69,12.47,18603.77
2024-08-07,12.54,12.54,12.59,12.47,10942.89
2024-08-08,12.44,12.5,12.57,12.42,12149.53
2024-08-09,12.55,12.41,12.56,12.41,9962.33
2024-08-12,12.41,12.43,12.47,12.33,11838.38
2024-08-13,12.43,12.44,12.51,12.38,11884.32
2024-08-14,12.48,12.35,12.48,12.32,8835.2
2024-08-15,12.33,12.38,12.46,12.28,9374.52
2024-08-16,12.38,12.28,12.4,12.27,12205.8
2024-08-19,12.31,12.33,12.39,12.26,9193.4
2024-08-20,12.33,12.12,12.37,12.08,18761.6
2024-08-21,12.11,12.07,12.16,12.06,9251.6
2024-08-22,12.13,12.0,12.13,11.98,9864.6
2024-08-23,12.01,11.98,12.04,11.93,11865.8
2024-08-26,11.95,12.06,12.06,11.93,7876.22
2024-08-27,12.03,12.05,12.1,12.01,9218.0
2024-08-28,12.02,11.93,12.1,11.87,14518.6
2024-08-29,11.92,11.97,12.0,11.83,14524.2
2024-08-30,11.97,12.1,12.22,11.92,24459.0
2024-09-02,12.1,11.91,12.1,11.82,19657.54
2024-09-03,11.93,12.0,12.0,11.88,14108.49
2024-09-04,11.93,11.99,12.07,11.93,9258.8
2024-09-05,11.99,12.07,12.07,11.94,12908.68
2024-09-06,12.01,12.02,12.12,12.01,12356.8
2024-09-09,12.04,12.07,12.1,11.94,13249.93
2024-09-10,12.09,12.06,12.12,11.93,13051.62
2024-09-11,12.01,12.02,12.11,12.0,7824.91
2024-09-12,12.02,12.09,12.16,11.98,13143.33
2024-09-13,12.05,12.09,12.2,12.04,11201.03
2024-09-18,12.13,12.15,12.19,12.02,11344.2
2024-09-19,12.2,12.3,12.35,12.11,22727.42
2024-09-20,12.3,12.48,12.51,12.25,26407.48
2024-09-23,12.52,12.51,12.57,12.44,17568.6
2024-09-24,12.57,12.8,12.83,12.54,38997.7
2024-09-25,12.85,12.81,13.0,12.78,37381.45
2024-09-26,12.79,13.0,13.0,12.74,28028.77
2024-09-27,13.08,13.2,13.28,13.0,37502.31
2024-09-30,13.45,14.06,14.15,13.24,133204.03
2024-10-08,15.26,14.29,15.3,13.81,126169.3
2024-10-09,14.2,13.45,14.28,13.42,73561.4
2024-10-10,13.54,13.66,13.85,13.38,46255.24
2024-10-11,13.66,13.54,13.77,13.45,29811.12
2024-10-14,13.63,13.57,13.68,13.4,33539.41
2024-10-15,13.57,13.6,13.97,13.47,51179.94
2024-10-16,13.45,13.47,13.62,13.4,29765.81
2024-10-17,13.55,13.26,13.55,13.22,33422.0
2024-10-18,13.26,13.38,13.5,13.16,41947.05
2024-10-21,13.37,13.42,13.52,13.36,34462.76
2024-10-22,13.45,13.53,13.53,13.37,23265.54
2024-10-23,13.59,13.56,13.64,13.46,22300.2
2024-10-24,13.57,13.64,13.64,13.51,19655.54
2024-10-25,13.59,13.65,13.72,13.59,23311.15
2024-10-28,13.66,13.9,13.9,13.61,28546.0
2024-10-29,13.92,14.05,14.71,13.65,85347.55
2024-10-30,13.9,14.12,14.26,13.64,74382.22
2024-10-31,14.03,13.89,14.08,13.83,56338.54
2024-11-01,13.81,13.79,13.94,13.68,36004.18
2024-11-04,13.81,13.87,13.93,13.7,33700.92
2024-11-05,13.89,13.96,13.98,13.8,53832.53
2024-11-06,13.97,13.81,14.01,13.71,46591.23
2024-11-07,13.75,14.14,14.17,13.7,56391.92
2024-11-08,14.19,14.09,14.2,13.96,43445.29
2024-11-11,14.07,14.32,14.4,13.96,52409.41
2024-11-12,14.31,14.13,14.41,14.05,40158.28
2024-11-13,14.12,14.23,14.25,14.07,26307.2
2024-11-14,14.23,14.04,14.46,14.04,31521.49
2024-11-15,14.02,14.14,14.35,14.02,42709.26
2024-11-18,14.17,14.25,14.44,14.14,48842.66
2024-11-19,14.2,14.5,14.52,14.2,54570.32
2024-11-20,14.45,14.76,15.32,14.27,85363.91
2024-11-21,14.62,14.53,14.67,14.41,59322.28
2024-11-22,14.46,13.96,14.55,13.92,53334.6
2024-11-25,13.98,14.06,14.17,13.92,30748.28
2024-11-26,13.96,14.16,14.35,13.96,32006.8
2024-11-27,14.15,14.2,14.23,13.85,37047.8
2024-11-28,14.2,14.3,14.42,14.2,30394.32
2024-11-29,14.34,14.38,14.49,14.3,25928.8
2024-12-02,14.4,14.41,14.48,14.36,28359.46
2024-12-03,14.41,14.54,14.58,14.35,36634.6
2024-12-04,14.49,14.3,14.49,14.26,25966.2
2024-12-05,14.35,14.16,14.35,14.12,32219.8
2024-12-06,14.2,14.39,14.39,14.14,27082.69
2024-12-09,14.37,14.21,14.44,14.12,41895.2
2024-12-10,14.45,14.26,14.54,14.22,37191.94
2024-12-11,14.26,14.37,14.4,14.17,34690.45
2024-12-12,14.43,14.58,14.67,14.31,50730.25
2024-12-13,14.52,14.37,14.6,14.33,31249.2
2024-12-16,14.4,14.86,15.25,14.37,106223.1
2024-12-17,14.79,14.6,14.93,14.5,62028.48
2024-12-18,14.61,14.43,14.79,14.31,43155.56
2024-12-19,14.35,14.35,14.43,14.11,49460.8
2024-12-20,14.27,14.3,14.46,14.23,29549.4
2024-12-23,14.34,14.17,14.38,14.09,27341.6
2024-12-24,14.2,14.31,14.32,14.15,20754.0
2024-12-25,14.29,14.31,14.37,14.16,24484.2
2024-12-26,14.3,14.24,14.39,14.22,11591.6
2024-12-27,14.24,14.54,14.66,14.23,43043.8
2024-12-30,14.48,14.48,14.59,14.27,23827.52
2024-12-31,14.58,14.52,14.85,14.48,50755.8
2025-01-02,14.4,14.08,14.62,13.98,44707.2
2025-01-03,14.09,13.79,14.17,13.74,37359.6
2025-01-06,13.83,13.77,13.91,13.6,26172.48
2025-01-07,13.69,13.81,13.86,13.65,21420.21
2025-01-08,13.81,13.81,14.15,13.62,32241.61
2025-01-09,13.66,13.67,13.84,13.45,23724.0
2025-01-10,13.66,13.5,13.78,13.5,15426.71
2025-01-13,13.49,13.41,13.5,13.16,20481.8
2025-01-14,13.45,13.73,13.76,13.42,24628.61
2025-01-15,13.7,13.77,13.91,13.66,22922.18
2025-01-16,13.73,13.69,13.88,13.59,14698.8
2025-01-17,13.74,13.85,13.87,13.65,19365.8
2025-01-20,13.88,13.79,13.97,13.75,14297.4
2025-01-21,13.88,13.79,13.93,13.71,14709.8
2025-01-22,13.79,13.72,13.81,13.68,10321.0
2025-01-23,13.83,13.76,13.95,13.74,11886.1
2025-01-24,13.75,13.86,13.88,13.65,15907.41
2025-01-27,13.86,13.98,14.13,13.86,20659.01
2025-02-05,14.03,13.81,14.07,13.78,19165.43
2025-02-06,13.82,13.83,13.83,13.74,17718.0
2025-02-07,13.81,13.82,13.88,13.77,26641.39
2025-02-10,13.82,13.89,13.9,13.81,19115.2
2025-02-11,13.9,13.87,13.91,13.81,15590.26
2025-02-12,13.9,13.87,13.9,13.76,15293.36
2025-02-13,13.86,13.82,13.96,13.82,16290.28
2025-02-14,13.86,13.74,13.86,13.71,14203.36
2025-02-17,13.75,13.76,13.78,13.68,12584.41
2025-02-18,13.77,13.54,13.81,13.52,17765.61
2025-02-19,13.59,13.61,13.62,13.49,13707.83
2025-02-20,13.59,13.64,13.66,13.55,8049.81
2025-02-21,13.66,13.59,13.66,13.52,17531.21
2025-02-24,13.6,13.72,13.74,13.53,21646.2
2025-02-25,13.65,13.54,13.71,13.53,16910.2
2025-02-26,13.5,13.55,13.61,13.47,12992.68
2025-02-27,13.55,13.63,13.63,13.51,19439.94
2025-02-28,13.6,13.53,13.73,13.49,19797.7
2025-03-03,13.58,13.56,13.72,13.5,20339.6
2025-03-04,13.47,13.54,13.59,13.47,10194.8
2025-03-05,13.52,13.57,13.58,13.48,11806.4
2025-03-06,13.59,13.76,13.96,13.55,40015.62
2025-03-07,13.8,13.65,13.8,13.58,21123.2
2025-03-10,13.66,14.1,14.23,13.64,66912.56
2025-03-11,14.03,14.43,14.5,13.94,72378.41
2025-03-12,14.38,14.08,14.4,14.08,41337.8
2025-03-13,14.06,14.07,14.16,13.95,26263.48
2025-03-14,14.02,14.19,14.44,13.99,33841.88
2025-03-17,14.21,14.78,15.35,14.12,136720.07
2025-03-18,14.72,14.68,14.93,14.55,55164.2
2025-03-19,14.67,14.45,14.68,14.35,36273.34
2025-03-20,14.44,14.4,14.51,14.35,19116.6
2025-03-21,14.32,14.29,14.54,14.21,31894.8
2025-03-24,14.24,14.31,14.42,14.08,22674.0
2025-03-25,14.27,14.31,14.34,14.12,17011.2
2025-03-26,14.31,14.27,14.39,14.23,19871.6
2025-03-27,14.21,14.21,14.28,14.13,15148.0
2025-03-28,14.17,14.07,14.19,14.0,16391.08
2025-03-31,14.0,13.99,14.14,13.87,21194.0
2025-04-01,14.02,14.17,14.24,13.96,19717.6
2025-04-02,14.16,14.17,14.22,14.08,15956.6
2025-04-03,14.07,14.18,14.25,14.05,17411.8
2025-04-07,13.55,12.94,13.82,12.76,63226.2
2025-04-08,12.94,13.08,13.26,12.89,38272.2
2025-04-09,12.99,13.49,13.51,12.7,40692.95
2025-04-10,13.53,13.84,14.38,13.45,64828.6
2025-04-11,13.67,13.72,13.87,13.66,26979.54
2025-04-14,13.72,13.51,13.82,13.51,38983.6
2025-04-15,13.5,13.38,13.52,13.33,26182.8
2025-04-16,13.34,13.55,13.59,13.34,25138.0
2025-04-17,13.5,13.62,13.65,13.41,19645.44
2025-04-18,13.6,13.51,13.64,13.47,14364.0
2025-04-21,13.56,13.53,13.61,13.46,16800.4
2025-04-22,13.53,13.66,13.68,13.5,16351.4
2025-04-23,13.67,13.7,13.9,13.67,22966.2
2025-04-24,13.75,13.69,13.88,13.66,19952.41
2025-04-25,13.65,13.79,13.81,13.65,15613.0
2025-04-28,13.85,13.71,13.85,13.69,12556.0
2025-04-29,13.71,13.77,13.77,13.63,14171.8
2025-04-30,13.71,13.45,13.71,13.41,33415.0
2025-05-06,13.5,13.47,13.51,13.39,30343.0
2025-05-07,13.51,13.5,13.63,13.48,24298.6
2025-05-08,13.51,13.6,13.63,13.47,17805.03
2025-05-09,13.63,13.51,13.64,13.49,26095.4
2025-05-12,13.56,13.6,13.62,13.47,17476.29
2025-05-13,13.64,13.86,13.87,13.61,40639.81
2025-05-14,13.83,13.85,13.9,13.74,25243.37
2025-05-15,13.86,13.84,13.96,13.8,25814.8
2025-05-16,13.86,13.73,13.87,13.72,21725.0
2025-05-19,13.77,13.93,13.98,13.71,25599.54
2025-05-20,13.95,13.89,13.95,13.85,15999.88
2025-05-21,13.88,13.95,13.96,13.82,21915.63
2025-05-22,13.9,13.84,13.99,13.82,16783.8
2025-05-23,13.81,13.66,13.89,13.66,18045.2
2025-05-26,13.7,13.8,13.9,13.65,17348.84
2025-05-27,13.8,13.84,13.95,13.77,19299.0
2025-05-28,13.84,13.95,14.02,13.81,20247.58
2025-05-29,13.97,14.01,14.04,13.88,20922.63
2025-05-30,14.01,14.03,14.17,13.97,21533.22
2025-06-03,14.0,13.94,14.05,13.83,24378.58
2025-06-04,13.91,14.0,14.0,13.83,26415.18
2025-06-05,13.92,13.92,13.99,13.86,21308.48
2025-06-06,13.93,14.01,14.03,13.93,16622.83
2025-06-09,14.06,14.07,14.08,13.93,21136.1
2025-06-10,14.08,14.04,14.11,13.9,23540.79
2025-06-11,14.08,14.1,14.13,14.02,21882.8
2025-06-12,14.14,14.12,14.15,14.07,20782.2
2025-06-13,14.19,14.1,14.24,14.03,35192.2
2025-06-16,14.05,13.93,14.05,13.89,29142.66
2025-06-17,13.92,13.86,13.97,13.83,18827.0
2025-06-18,13.81,13.8,13.88,13.73,12138.4
2025-06-19,13.79,13.66,13.88,13.66,18248.7
2025-06-20,13.65,13.73,13.77,13.65,10748.28
2025-06-23,13.67,13.73,13.78,13.65,13535.32
2025-06-24,13.78,13.86,13.93,13.75,25065.98
2025-06-25,13.87,13.91,13.91,13.8,23407.2
2025-06-26,13.9,13.94,13.99,13.87,20160.0
2025-06-27,13.97,14.01,14.04,13.92,22675.65
2025-06-30,14.04,13.91,14.04,13.88,19984.19
2025-07-01,13.93,13.91,13.93,13.86,12514.61
2025-07-02,13.93,13.97,13.97,13.86,15351.2
2025-07-03,13.98,14.07,14.09,13.96,25414.61
2025-07-04,14.08,13.99,14.11,13.96,18841.8
2025-07-07,14.0,14.07,14.07,13.95,19004.0
2025-07-08,14.08,14.13,14.13,14.04,20755.79
2025-07-09,14.14,14.35,14.48,14.1,47145.31
2025-07-10,14.36,14.35,14.4,14.27,21635.0
2025-07-11,14.38,14.38,14.46,14.3,24889.41
2025-07-14,14.42,14.51,14.53,14.4,26634.7
2025-07-15,14.52,14.34,14.54,14.31,28544.71
2025-07-16,14.34,14.36,14.39,14.29,13883.3
2025-07-17,14.36,14.25,14.37,14.21,17915.0
2025-07-18,14.32,14.39,14.42,14.28,15677.64
2025-07-21,14.4,14.53,14.61,14.32,19546.96
2025-07-22,14.56,14.59,14.6,14.41,16849.0
2025-07-23,14.62,14.52,14.71,14.47,18763.2
2025-07-24,14.52,14.67,14.67,14.44,22030.65
2025-07-25,14.71,14.68,14.78,14.63,21641.31
2025-07-28,14.73,14.6,14.73,14.56,16127.6
2025-07-29,14.6,14.53,14.63,14.43,15315.0
2025-07-30,14.52,14.54,14.74,14.49,25603.71
2025-07-31,14.54,14.21,14.55,14.15,44011.99
2025-08-01,14.26,14.42,14.46,14.19,30757.06
2025-08-04,14.42,14.44,14.52,14.35,18705.2
2025-08-05,14.52,14.45,14.66,14.43,27214.21
2025-08-06,14.47,14.38,14.49,14.31,17591.03
2025-08-07,14.38,14.48,14.52,14.32,24067.55
2025-08-08,14.43,14.49,14.5,14.4,15614.53
2025-08-11,14.49,14.42,14.49,14.39,22064.31
2025-08-12,14.48,14.44,14.51,14.41,20152.3
2025-08-13,14.5,14.46,14.5,14.37,16793.32
2025-08-14,14.49,14.34,14.5,14.3,25311.21
2025-08-15,14.37,14.41,14.41,14.29,21829.4
2025-08-18,14.41,14.47,14.52,14.4,33836.94
2025-08-19,14.5,14.53,14.69,14.41,38939.35
2025-08-20,14.54,14.62,14.65,14.47,25257.9
2025-08-21,14.63,14.84,14.89,14.58,53973.81
2025-08-22,14.86,14.67,14.86,14.62,40304.78
2025-08-25,14.67,14.73,14.82,14.64,36421.01
2025-08-26,14.71,14.75,14.84,14.67,25981.0
2025-08-27,14.75,14.51,14.81,14.51,31275.8
2025-08-28,14.54,14.56,14.64,14.33,29469.05
2025-08-29,14.61,14.58,14.69,14.53,24487.81
2025-09-01,14.64,14.57,14.65,14.47,26493.02
2025-09-02,14.54,14.49,14.55,14.34,29444.6
2025-09-03,14.51,14.3,14.54,14.28,25599.47
2025-09-04,14.32,14.46,14.46,14.23,27034.16
2025-09-05,14.39,14.41,14.51,14.32,21121.14
2025-09-08,14.4,14.52,14.53,14.35,21631.38
2025-09-09,14.5,14.46,14.55,14.39,17651.61
2025-09-10,14.48,14.47,14.51,14.4,13019.4
2025-09-11,14.47,14.51,14.52,14.33,26751.74
2025-09-12,14.51,14.43,14.54,14.42,16697.6
2025-09-15,14.4,14.35,14.46,14.3,22740.22
2025-09-16,14.33,14.34,14.37,14.3,15941.86
2025-09-17,14.33,14.32,14.4,14.26,29490.47
2025-09-18,14.32,14.06,14.32,14.04,44324.49
2025-09-19,14.04,14.31,14.31,14.01,34450.38
2025-09-22,14.18,14.09,14.23,14.07,16766.2
2025-09-23,14.07,14.05,14.09,13.83,22483.66
2025-09-24,13.98,14.06,14.11,13.96,14142.17
2025-09-25,14.05,13.92,14.05,13.88,16478.28
2025-09-26,13.92,13.95,14.05,13.86,18558.75
2025-09-29,13.94,14.02,14.04,13.83,25961.04
2025-09-30,14.0,14.09,14.1,13.97,21605.62
2025-10-09,14.08,14.0,14.08,13.91,19665.28
2025-10-10,13.99,14.17,14.19,13.97,19678.63
2025-10-13,14.06,14.04,14.08,13.92,19855.56
2025-10-14,14.04,14.19,14.22,14.01,19781.41
2025-10-15,14.19,14.27,14.27,14.13,19476.47
2025-10-16,14.26,14.24,14.29,14.2,15679.2
2025-10-17,14.27,14.94,14.95,14.21,140093.47
2025-10-20,14.7,14.81,15.1,14.48,130308.94
2025-10-21,14.71,14.94,14.99,14.51,78233.19
2025-10-22,14.82,14.79,15.07,14.72,48372.81
2025-10-23,14.79,14.96,15.43,14.71,67917.8
2025-10-24,15.2,15.3,15.75,15.05,116767.9
2025-10-27,15.34,15.59,16.26,15.05,127636.52
2025-10-28,15.59,17.15,17.15,15.49,132723.97
2025-10-29,17.64,16.58,18.27,16.23,326817.27
2025-10-30,16.26,16.2,16.66,15.99,186864.55
2025-10-31,16.36,16.5,16.83,15.95,160719.23
2025-11-03,16.18,16.19,16.33,15.92,106976.06
2025-11-04,15.98,17.27,17.8,15.98,311920.82
2025-11-05,17.08,16.84,17.51,16.81,262555.42
2025-11-06,16.89,16.37,17.02,16.18,187629.18
2025-11-07,16.32,16.27,16.5,16.1,115155.79
2025-11-10,16.18,16.8,16.83,15.99,151097.94
2025-11-11,16.58,16.42,16.58,16.3,87656.13
2025-11-12,16.38,16.4,17.0,16.38,105713.6
2025-11-13,16.36,16.78,17.23,16.29,141507.58
2025-11-14,16.74,17.05,17.43,16.61,163010.6
2025-11-17,16.96,17.68,17.89,16.93,207285.7
2025-11-18,17.44,16.78,17.44,16.47,155197.58
2025-11-19,16.81,16.23,16.82,16.12,96478.14
2025-11-20,16.23,16.08,16.39,15.88,69278.95
2025-11-21,15.95,15.44,16.13,15.43,79861.18
2025-11-24,15.43,15.26,15.6,15.22,60847.36
2025-11-25,15.43,15.76,15.81,15.34,60523.54
2025-11-26,15.68,15.48,15.81,15.45,43445.16
2025-11-27,15.48,15.36,15.57,15.35,36003.0
2025-11-28,15.45,15.84,15.91,15.25,54388.03
2025-12-01,15.79,15.74,15.84,15.66,38843.43
2025-12-02,15.69,15.92,16.19,15.64,72496.45
2025-12-03,15.97,16.31,16.37,15.87,91779.6
2025-12-04,16.29,16.07,16.85,16.04,80001.06
2025-12-05,15.97,16.76,16.83,15.88,108795.65
2025-12-08,16.66,18.44,18.44,16.57,176231.84
2025-12-09,19.1,20.28,20.28,18.82,517916.15
2025-12-10,21.7,19.92,21.87,19.78,559411.93
2025-12-11,19.29,18.36,19.7,18.05,370161.88
2025-12-12,18.09,17.34,18.15,17.28,297389.9
2025-12-15,17.34,17.58,18.28,17.1,218265.78
2025-12-16,17.44,16.68,17.54,16.61,168838.03
2025-12-17,16.58,16.59,16.83,16.37,119870.44
2025-12-18,16.57,16.63,16.89,16.4,107378.47
2025-12-19,16.58,17.37,17.53,16.58,167592.86
2025-12-22,17.24,17.28,17.52,17.13,120540.86
2025-12-23,17.25,17.41,17.72,16.93,161517.95
2025-12-24,17.23,17.85,17.86,17.23,165105.6
2025-12-25,17.84,17.7,18.18,17.57,150706.71
2025-12-26,17.69,17.69,17.79,17.35,135244.54
2025-12-29,17.54,17.44,18.03,17.26,110074.51
2025-12-30,17.44,17.03,17.44,16.96,100220.07
2025-12-31,17.21,16.76,17.21,16.57,76311.6
2026-01-05,16.76,16.76,16.81,16.6,66768.29
2026-01-06,16.76,16.81,16.86,16.66,73832.29
2026-01-07,16.78,17.27,17.62,16.76,151513.36
2026-01-08,17.1,16.95,17.22,16.88,92753.52
2026-01-09,16.86,16.82,16.97,16.7,74434.87
2026-01-12,16.82,17.02,17.06,16.72,82498.51
2026-01-13,17.0,16.74,17.13,16.67,95269.16
2026-01-14,16.67,16.62,16.86,16.42,88039.06
2026-01-15,16.56,16.37,16.65,16.32,55926.94
2026-01-16,16.48,16.44,16.57,16.33,35839.78
2026-01-19,16.42,16.83,16.89,16.37,64366.98
2026-01-20,16.82,16.81,16.9,16.67,42768.4
2026-01-21,16.7,16.8,16.94,16.64,36251.75
2026-01-22,16.8,16.96,16.97,16.78,49199.77
2026-01-23,16.91,17.03,17.03,16.9,47402.8
2026-01-26,17.02,16.85,17.02,16.71,47235.15
2026-01-27,16.78,16.95,16.96,16.5,50139.31
2026-01-28,16.95,17.11,17.22,16.84,60516.53
2026-01-29,17.11,17.23,17.47,16.81,80103.71
2026-01-30,17.25,17.9,18.04,17.05,180172.35
2026-02-02,18.32,17.43,18.42,17.42,161466.47
2026-02-03,17.64,17.76,18.15,17.57,126714.64
2026-02-04,17.63,17.96,18.17,17.55,117154.58
2026-02-05,18.04,18.8,18.92,18.04,201849.49
2026-02-06,18.37,17.64,18.43,17.47,155714.58
2026-02-09,17.62,17.56,17.73,17.35,87940.76
2026-02-10,17.46,17.35,17.52,17.15,68865.81
2026-02-11,17.31,17.23,17.43,17.21,50288.88
2026-02-12,17.23,16.95,17.23,16.8,69348.6
2026-02-13,17.25,16.84,17.34,16.83,80769.89
2026-02-24,16.84,17.16,17.33,16.62,93172.6
2026-02-25,17.06,17.11,17.19,16.96,55979.0
2026-02-26,17.05,17.12,17.22,17.02,36665.87
2026-02-27,17.12,17.17,17.2,16.98,42258.0
2026-03-02,16.73,16.76,16.92,16.55,62355.82
2026-03-03,16.76,16.47,16.96,16.47,54407.12
2026-03-04,16.32,15.96,16.36,15.75,72238.76
2026-03-05,16.18,15.91,16.23,15.87,33999.04
2026-03-06,15.87,16.24,16.31,15.84,36558.96
2026-03-09,16.12,15.92,16.19,15.78,33553.6
2026-03-10,16.06,16.18,16.25,16.06,26404.37
2026-03-11,16.13,16.04,16.21,16.01,22829.45
2026-03-12,15.93,15.93,16.07,15.86,25464.4
2026-03-13,15.93,16.06,16.19,15.84,40092.8
2026-03-16,16.07,16.16,16.23,15.94,24944.14
2026-03-17,16.15,15.92,16.29,15.91,23803.61
2026-03-18,15.91,15.91,16.03,15.75,23975.15
2026-03-19,15.65,15.59,15.81,15.49,28909.2
2026-03-20,15.62,15.43,15.73,15.43,20423.03
2026-03-23,15.27,14.61,15.27,14.57,42051.5
2026-03-24,14.83,15.13,15.13,14.78,29839.49
2026-03-25,15.16,15.71,15.74,15.1,38985.48
2026-03-26,15.55,15.36,15.65,15.29,28267.13
2026-03-27,15.1,15.3,15.38,15.08,18489.33
2026-03-30,15.1,15.69,15.77,14.97,41716.5
2026-03-31,15.71,15.91,16.05,15.67,46948.27
2026-04-01,16.04,15.87,16.15,15.75,33578.48
2026-04-02,15.76,15.98,16.06,15.74,29902.32
2026-04-03,15.96,15.6,15.97,15.51,21719.7
2026-04-07,15.6,15.84,15.87,15.59,22333.4
2026-04-08,16.18,16.28,16.29,16.1,43645.49
2026-04-09,16.09,15.85,16.12,15.79,31676.3
2026-04-10,15.85,15.95,16.21,15.82,32276.09
2026-04-13,16.65,16.31,16.93,16.27,117282.46
2026-04-14,16.36,16.4,16.55,16.02,84989.6
2026-04-15,16.34,16.02,16.36,16.0,49185.0
2026-04-16,16.02,15.94,16.04,15.88,29474.31
2026-04-17,15.84,15.81,15.91,15.75,24987.68
2026-04-20,15.88,15.83,15.88,15.78,17638.0
2026-04-21,15.81,15.64,15.81,15.59,24781.78
2026-04-22,15.59,15.57,15.64,15.52,16560.82
2026-04-23,15.52,15.54,15.63,15.37,23174.0
2026-04-24,15.48,15.42,15.64,15.36,14991.2
2026-04-27,15.46,15.54,15.58,15.41,12696.4
2026-04-28,15.57,15.5,15.6,15.36,16566.6
2026-04-29,15.43,15.67,15.73,15.43,19837.0
2026-04-30,15.65,15.71,15.74,15.54,21617.61
2026-05-06,15.64,15.61,15.73,15.59,23239.45
2026-05-07,15.67,15.59,15.73,15.57,20285.53
2026-05-08,15.46,15.61,15.64,15.41,21557.0
2026-05-11,15.61,15.55,15.61,15.45,23824.7
2026-05-12,15.56,15.41,15.57,15.4,20003.2
2026-05-13,15.4,15.45,15.51,15.13,29392.1
2026-05-14,15.44,15.07,15.45,15.07,23837.8
2026-05-15,15.09,14.92,15.1,14.83,22318.54
2026-05-18,14.93,14.78,14.93,14.65,20606.4
2026-05-19,14.73,14.79,14.89,14.62,14650.06
2026-05-20,14.76,14.55,14.76,14.5,19971.4
2026-05-21,14.59,14.29,14.76,14.29,26066.0
2026-05-22,14.29,14.27,14.38,14.22,17699.21
2026-05-25,14.29,14.35,14.46,14.29,20026.2
2026-05-26,14.24,14.2,14.35,14.01,21963.0
2026-05-27,14.19,13.91,14.29,13.86,20326.94
2026-05-28,13.91,13.78,14.0,13.7,15269.62
2026-05-29,13.84,14.06,14.11,13.82,23334.35
2026-06-01,14.62,14.72,14.8,14.52,44253.25
2026-06-02,14.58,14.67,14.75,14.42,28098.24
2026-06-03,14.52,14.44,14.67,14.38,20693.2
2026-06-04,14.47,14.19,14.52,14.1,19051.65
2026-06-05,14.31,14.75,14.93,14.23,34993.57
2026-06-08,14.47,14.48,14.86,14.43,20946.93
2026-06-09,14.62,14.76,14.84,14.37,22491.37
2026-06-10,14.75,15.11,15.35,14.67,48746.89
2026-06-11,14.96,15.36,15.47,14.93,40907.2
2026-06-12,15.3,15.78,15.79,15.16,64558.0
2026-06-15,15.91,15.51,15.91,15.4,45228.5
2026-06-16,15.52,14.87,15.52,14.77,42256.0
2026-06-17,14.88,14.73,15.02,14.53,28577.87
2026-06-18,14.53,14.49,14.66,14.33,19942.62
2026-06-22,14.41,14.47,14.57,13.95,22638.8
2026-06-23,14.4,14.46,14.72,14.32,16325.39
2026-06-24,14.55,14.23,14.56,14.17,13874.8
2026-06-25,14.18,14.58,14.7,14.16,28177.6
2026-06-26,14.52,14.37,14.65,14.18,23279.05
2026-06-29,14.25,14.45,14.54,13.75,28326.24
2026-06-30,14.56,14.23,14.56,14.15,12545.2
2026-07-01,14.22,14.32,14.47,14.13,15313.6
2026-07-02,14.34,14.46,14.61,14.31,18811.88
2026-07-03,14.46,14.52,14.6,14.35,16377.53
2026-07-06,14.42,14.5,14.62,14.42,12743.93
2026-07-07,14.48,14.29,14.5,14.27,11760.41
2026-07-08,14.19,14.29,14.37,14.18,8825.8
2026-07-09,14.29,14.16,14.31,14.03,16232.3
2026-07-10,14.42,14.29,14.42,14.08,15427.06
2026-07-13,14.21,14.21,14.33,14.13,11820.94
2026-07-14,14.09,14.29,14.3,14.06,13942.14
2026-07-15,14.28,14.47,14.5,14.19,14855.9
2026-07-16,14.48,14.48,14.58,14.3,13994.15
2026-07-17,14.55,14.42,14.73,14.29,20033.0
2026-07-20,14.5,14.47,14.65,14.33,19051.47
2026-07-21,14.49,14.52,14.58,14.4,21092.0
2026-07-22,14.55,14.32,14.55,14.25,17787.27
2026-07-23,14.35,14.7,14.72,14.28,22330.64
2026-07-24,14.67,14.45,14.67,14.41,10347.41
2026-07-27,14.48,14.53,14.6,14.45,9676.0
2026-07-28,14.51,14.53,14.62,14.43,9188.6
2026-07-29,14.54,14.74,14.77,14.53,13220.0
2026-07-30,14.73,14.82,14.87,14.64,15177.0
2026-07-31,14.76,14.88,14.88,14.67,14641.8
